,subj,block,targTheta,n_probes,probeTheta_loc,targOrNoTarg,acc,pm_acc,word0,word1,word2,word3,word4,word5,word6,word7,word8,word9,word10,word11,word12,word13,word14,word0_cond,word1_cond,word2_cond,word3_cond,word4_cond,word5_cond,word6_cond,word7_cond,word8_cond,word9_cond,word10_cond,word11_cond,word12_cond,word13_cond,word14_cond,topTheta1,topTheta2,topTheta3,topTheta4,topTheta5,topTheta6,topTheta7,topTheta8,topTheta9,topTheta10,topTheta11,topTheta12,topTheta13,topTheta14,topTheta15,botTheta1,botTheta2,botTheta3,botTheta4,botTheta5,botTheta6,botTheta7,botTheta8,botTheta9,botTheta10,botTheta11,botTheta12,botTheta13,botTheta14,botTheta15,topTheta0,botTheta0,respProbe0,rtProbe0,probe0_acc,respProbe1,rtProbe1,probe1_acc,respProbe2,rtProbe2,probe2_acc,respProbe3,rtProbe3,probe3_acc,respProbe4,rtProbe4,probe4_acc,respProbe5,rtProbe5,probe5_acc,respProbe6,rtProbe6,probe6_acc,respProbe7,rtProbe7,probe7_acc,respProbe8,rtProbe8,probe8_acc,respProbe9,rtProbe9,probe9_acc,respProbe10,rtProbe10,probe10_acc,respProbe11,rtProbe11,probe11_acc,respProbe12,rtProbe12,probe12_acc,respProbe13,rtProbe13,probe13_acc,respProbe14,rtProbe14,probe14_acc
0,s999,1,50,1,top,,,,poosh,,,,,,,,,,,,,,,nonword,,,,,,,,,,,,,,,,,,,,,,,,,,,,,,,,,,,,,,,,,,,,,,,,,,,,,,,,,,,,,,,,,,,,,,,,,,,,,,,,,,,,,,,,,,,
1,s999,1,40,1,bot,,,,thark,,,,,,,,,,,,,,,nonword,,,,,,,,,,,,,,,,,,,,,,,,,,,,,,,,,,,,,,,,,,,,,,,"['1', 1.428584098815918, '2', 1.776968002319336]",1.428584098815918,0,,,,,,,,,,,,,,,,,,,,,,,,,,,,,,,,,,,,,,,,,,
2,s999,1,80,1,bot,,,,breb,,,,,,,,,,,,,,,nonword,,,,,,,,,,,,,,,,,,,,,,,,,,,,,,,,,,,,,,,,,,,,,,,"['1', 1.0149409770965576, '2', 1.2172589302062988]",1.0149409770965576,0,,,,,,,,,,,,,,,,,,,,,,,,,,,,,,,,,,,,,,,,,,
3,s999,1,60,1,bot,,,,gawn,,,,,,,,,,,,,,,nonword,,,,,,,,,,,,,,,,,,,,,,,,,,,,,,,,,,,,,,,,,,,,,,,"['2', 0.39957499504089355]",0.39957499504089355,1,,,,,,,,,,,,,,,,,,,,,,,,,,,,,,,,,,,,,,,,,,
4,s999,1,70,1,bot,,,,stalk,,,,,,,,,,,,,,,word,,,,,,,,,,,,,,,,,,,,,,,,,,,,,,,,,,,,,,,,,,,,,,,"['3', 0.30254602432250977, '1', 0.7519831657409668]",0.30254602432250977,0,,,,,,,,,,,,,,,,,,,,,,,,,,,,,,,,,,,,,,,,,,
5,s999,1,110,1,bot,,,,hear,,,,,,,,,,,,,,,word,,,,,,,,,,,,,,,,,,,,,,,,,,,,,,,,,,,,,,,,,,,,,,,"['h', 0.4761190414428711, '1', 0.8131241798400879]",0.4761190414428711,0,,,,,,,,,,,,,,,,,,,,,,,,,,,,,,,,,,,,,,,,,,
6,s999,1,10,1,bot,,,,thams,,,,,,,,,,,,,,,nonword,,,,,,,,,,,,,,,,,,,,,,,,,,,,,,,,,,,,,,,,,,,,,,,"['2', 0.31866002082824707]",0.31866002082824707,1,,,,,,,,,,,,,,,,,,,,,,,,,,,,,,,,,,,,,,,,,,
7,s999,1,40,1,bot,,,,slap,,,,,,,,,,,,,,,word,,,,,,,,,,,,,,,,,,,,,,,,,,,,,,,,,,,,,,,,,,,,,,,"['1', 0.2985808849334717]",0.2985808849334717,1,,,,,,,,,,,,,,,,,,,,,,,,,,,,,,,,,,,,,,,,,,
8,s999,1,110,1,bot,,,,lifs,,,,,,,,,,,,,,,nonword,,,,,,,,,,,,,,,,,,,,,,,,,,,,,,,,,,,,,,,,,,,,,,,"['2', 0.32849788665771484, '2', 0.7782819271087646, '2', 1.1613578796386719, '2', 1.4983530044555664]",0.32849788665771484,1,,,,,,,,,,,,,,,,,,,,,,,,,,,,,,,,,,,,,,,,,,
9,s999,1,130,1,bot,,,,least,,,,,,,,,,,,,,,word,,,,,,,,,,,,,,,,,,,,,,,,,,,,,,,,,,,,,,,,,,,,,,,,,,,,,,,,,,,,,,,,,,,,,,,,,,,,,,,,,,,,,,,,,,,
10,s999,1,80,1,bot,,,,yeer,,,,,,,,,,,,,,,nonword,,,,,,,,,,,,,,,,,,,,,,,,,,,,,,,,,,,,,,,,,,,,,,,,,,,,,,,,,,,,,,,,,,,,,,,,,,,,,,,,,,,,,,,,,,,
11,s999,1,150,1,bot,,,,dap,,,,,,,,,,,,,,,nonword,,,,,,,,,,,,,,,,,,,,,,,,,,,,,,,,,,,,,,,,,,,,,,,,,,,,,,,,,,,,,,,,,,,,,,,,,,,,,,,,,,,,,,,,,,,
12,s999,1,20,1,bot,,,,moon,,,,,,,,,,,,,,,word,,,,,,,,,,,,,,,,,,,,,,,,,,,,,,,,,,,,,,,,,,,,,,,,,,,,,,,,,,,,,,,,,,,,,,,,,,,,,,,,,,,,,,,,,,,
13,s999,1,140,1,bot,,,,worse,,,,,,,,,,,,,,,word,,,,,,,,,,,,,,,,,,,,,,,,,,,,,,,,,,,,,,,,,,,,,,,,,,,,,,,,,,,,,,,,,,,,,,,,,,,,,,,,,,,,,,,,,,,
14,s999,1,60,1,bot,,,,try,,,,,,,,,,,,,,,word,,,,,,,,,,,,,,,,,,,,,,,,,,,,,,,,,,,,,,,,,,,,,,,,,,,,,,,,,,,,,,,,,,,,,,,,,,,,,,,,,,,,,,,,,,,
15,s999,1,80,1,top,,,,fight,,,,,,,,,,,,,,,word,,,,,,,,,,,,,,,,,,,,,,,,,,,,,,,,,,,,,,,,,,,,,,,,,,,,,,,,,,,,,,,,,,,,,,,,,,,,,,,,,,,,,,,,,,,
16,s999,1,10,1,bot,,,,gang,,,,,,,,,,,,,,,word,,,,,,,,,,,,,,,,,,,,,,,,,,,,,,,,,,,,,,,,,,,,,,,,,,,,,,,,,,,,,,,,,,,,,,,,,,,,,,,,,,,,,,,,,,,
17,s999,1,40,1,bot,,,,dest,,,,,,,,,,,,,,,nonword,,,,,,,,,,,,,,,,,,,,,,,,,,,,,,,,,,,,,,,,,,,,,,,,,,,,,,,,,,,,,,,,,,,,,,,,,,,,,,,,,,,,,,,,,,,
18,s999,1,60,1,top,,,,geem,,,,,,,,,,,,,,,nonword,,,,,,,,,,,,,,,,,,,,,,,,,,,,,,,,,,,,,,,,,,,,,,,,,,,,,,,,,,,,,,,,,,,,,,,,,,,,,,,,,,,,,,,,,,,
19,s999,1,60,1,top,,,,borm,,,,,,,,,,,,,,,nonword,,,,,,,,,,,,,,,,,,,,,,,,,,,,,,,,,,,,,,,,,,,,,,,,,,,,,,,,,,,,,,,,,,,,,,,,,,,,,,,,,,,,,,,,,,,
20,s999,1,100,1,top,,,,crod,,,,,,,,,,,,,,,nonword,,,,,,,,,,,,,,,,,,,,,,,,,,,,,,,,,,,,,,,,,,,,,,,,,,,,,,,,,,,,,,,,,,,,,,,,,,,,,,,,,,,,,,,,,,,
21,s999,1,150,1,top,,,,wog,,,,,,,,,,,,,,,nonword,,,,,,,,,,,,,,,,,,,,,,,,,,,,,,,,,,,,,,,,,,,,,,,,,,,,,,,,,,,,,,,,,,,,,,,,,,,,,,,,,,,,,,,,,,,
22,s999,1,160,1,bot,,,,ground,,,,,,,,,,,,,,,word,,,,,,,,,,,,,,,,,,,,,,,,,,,,,,,,,,,,,,,,,,,,,,,,,,,,,,,,,,,,,,,,,,,,,,,,,,,,,,,,,,,,,,,,,,,
23,s999,1,40,1,top,,,,bov,,,,,,,,,,,,,,,nonword,,,,,,,,,,,,,,,,,,,,,,,,,,,,,,,,,,,,,,,,,,,,,,,,,,,,,,,,,,,,,,,,,,,,,,,,,,,,,,,,,,,,,,,,,,,
24,s999,1,100,1,top,,,,great,,,,,,,,,,,,,,,word,,,,,,,,,,,,,,,,,,,,,,,,,,,,,,,,,,,,,,,,,,,,,,,,,,,,,,,,,,,,,,,,,,,,,,,,,,,,,,,,,,,,,,,,,,,
25,s999,1,130,1,bot,,,,weev,,,,,,,,,,,,,,,nonword,,,,,,,,,,,,,,,,,,,,,,,,,,,,,,,,,,,,,,,,,,,,,,,,,,,,,,,,,,,,,,,,,,,,,,,,,,,,,,,,,,,,,,,,,,,
26,s999,1,50,1,top,,,,greshed,,,,,,,,,,,,,,,nonword,,,,,,,,,,,,,,,,,,,,,,,,,,,,,,,,,,,,,,,,,,,,,,,,,,,,,,,,,,,,,,,,,,,,,,,,,,,,,,,,,,,,,,,,,,,
27,s999,1,140,1,bot,,,,barl,,,,,,,,,,,,,,,nonword,,,,,,,,,,,,,,,,,,,,,,,,,,,,,,,,,,,,,,,,,,,,,,,,,,,,,,,,,,,,,,,,,,,,,,,,,,,,,,,,,,,,,,,,,,,
28,s999,1,120,1,bot,,,,sork,,,,,,,,,,,,,,,nonword,,,,,,,,,,,,,,,,,,,,,,,,,,,,,,,,,,,,,,,,,,,,,,,,,,,,,,,,,,,,,,,,,,,,,,,,,,,,,,,,,,,,,,,,,,,
29,s999,1,70,1,bot,,,,fine,,,,,,,,,,,,,,,word,,,,,,,,,,,,,,,,,,,,,,,,,,,,,,,,,,,,,,,,,,,,,,,,,,,,,,,,,,,,,,,,,,,,,,,,,,,,,,,,,,,,,,,,,,,
30,s999,1,80,1,top,,,,lack,,,,,,,,,,,,,,,word,,,,,,,,,,,,,,,,,,,,,,,,,,,,,,,,,,,,,,,,,,,,,,,,,,,,,,,,,,,,,,,,,,,,,,,,,,,,,,,,,,,,,,,,,,,
31,s999,1,100,1,bot,,,,bath,,,,,,,,,,,,,,,word,,,,,,,,,,,,,,,,,,,,,,,,,,,,,,,,,,,,,,,,,,,,,,,,,,,,,,,,,,,,,,,,,,,,,,,,,,,,,,,,,,,,,,,,,,,
32,s999,1,70,1,bot,,,,foin,,,,,,,,,,,,,,,nonword,,,,,,,,,,,,,,,,,,,,,,,,,,,,,,,,,,,,,,,,,,,,,,,,,,,,,,,,,,,,,,,,,,,,,,,,,,,,,,,,,,,,,,,,,,,
33,s999,1,60,1,bot,,,,frost,,,,,,,,,,,,,,,word,,,,,,,,,,,,,,,,,,,,,,,,,,,,,,,,,,,,,,,,,,,,,,,,,,,,,,,,,,,,,,,,,,,,,,,,,,,,,,,,,,,,,,,,,,,
34,s999,1,110,1,top,,,,sketch,,,,,,,,,,,,,,,word,,,,,,,,,,,,,,,,,,,,,,,,,,,,,,,,,,,,,,,,,,,,,,,,,,,,,,,,,,,,,,,,,,,,,,,,,,,,,,,,,,,,,,,,,,,
35,s999,1,80,1,top,,,,vess,,,,,,,,,,,,,,,nonword,,,,,,,,,,,,,,,,,,,,,,,,,,,,,,,,,,,,,,,,,,,,,,,,,,,,,,,,,,,,,,,,,,,,,,,,,,,,,,,,,,,,,,,,,,,
36,s999,1,10,1,top,,,,tafe,,,,,,,,,,,,,,,nonword,,,,,,,,,,,,,,,,,,,,,,,,,,,,,,,,,,,,,,,,,,,,,,,,,,,,,,,,,,,,,,,,,,,,,,,,,,,,,,,,,,,,,,,,,,,
37,s999,1,130,1,bot,,,,poom,,,,,,,,,,,,,,,nonword,,,,,,,,,,,,,,,,,,,,,,,,,,,,,,,,,,,,,,,,,,,,,,,,,,,,,,,,,,,,,,,,,,,,,,,,,,,,,,,,,,,,,,,,,,,
38,s999,1,30,1,top,,,,kosh,,,,,,,,,,,,,,,nonword,,,,,,,,,,,,,,,,,,,,,,,,,,,,,,,,,,,,,,,,,,,,,,,,,,,,,,,,,,,,,,,,,,,,,,,,,,,,,,,,,,,,,,,,,,,
39,s999,1,120,1,bot,,,,fode,,,,,,,,,,,,,,,nonword,,,,,,,,,,,,,,,,,,,,,,,,,,,,,,,,,,,,,,,,,,,,,,,,,,,,,,,,,,,,,,,,,,,,,,,,,,,,,,,,,,,,,,,,,,,
40,s999,1,80,1,bot,,,,little,,,,,,,,,,,,,,,word,,,,,,,,,,,,,,,,,,,,,,,,,,,,,,,,,,,,,,,,,,,,,,,,,,,,,,,,,,,,,,,,,,,,,,,,,,,,,,,,,,,,,,,,,,,
41,s999,1,150,1,bot,,,,lite,,,,,,,,,,,,,,,nonword,,,,,,,,,,,,,,,,,,,,,,,,,,,,,,,,,,,,,,,,,,,,,,,,,,,,,,,,,,,,,,,,,,,,,,,,,,,,,,,,,,,,,,,,,,,
42,s999,1,110,1,top,,,,halt,,,,,,,,,,,,,,,word,,,,,,,,,,,,,,,,,,,,,,,,,,,,,,,,,,,,,,,,,,,,,,,,,,,,,,,,,,,,,,,,,,,,,,,,,,,,,,,,,,,,,,,,,,,
43,s999,1,100,1,bot,,,,mine,,,,,,,,,,,,,,,word,,,,,,,,,,,,,,,,,,,,,,,,,,,,,,,,,,,,,,,,,,,,,,,,,,,,,,,,,,,,,,,,,,,,,,,,,,,,,,,,,,,,,,,,,,,
44,s999,1,120,1,bot,,,,being,,,,,,,,,,,,,,,word,,,,,,,,,,,,,,,,,,,,,,,,,,,,,,,,,,,,,,,,,,,,,,,,,,,,,,,,,,,,,,,,,,,,,,,,,,,,,,,,,,,,,,,,,,,
45,s999,1,20,1,top,,,,spog,,,,,,,,,,,,,,,nonword,,,,,,,,,,,,,,,,,,,,,,,,,,,,,,,,,,,,,,,,,,,,,,,,,,,,,,,,,,,,,,,,,,,,,,,,,,,,,,,,,,,,,,,,,,,
46,s999,1,130,1,bot,,,,verse,,,,,,,,,,,,,,,word,,,,,,,,,,,,,,,,,,,,,,,,,,,,,,,,,,,,,,,,,,,,,,,,,,,,,,,,,,,,,,,,,,,,,,,,,,,,,,,,,,,,,,,,,,,
47,s999,1,60,1,bot,,,,grem,,,,,,,,,,,,,,,nonword,,,,,,,,,,,,,,,,,,,,,,,,,,,,,,,,,,,,,,,,,,,,,,,,,,,,,,,,,,,,,,,,,,,,,,,,,,,,,,,,,,,,,,,,,,,
48,s999,1,140,1,top,,,,lern,,,,,,,,,,,,,,,nonword,,,,,,,,,,,,,,,,,,,,,,,,,,,,,,,,,,,,,,,,,,,,,,,,,,,,,,,,,,,,,,,,,,,,,,,,,,,,,,,,,,,,,,,,,,,
49,s999,1,100,1,top,,,,malk,,,,,,,,,,,,,,,nonword,,,,,,,,,,,,,,,,,,,,,,,,,,,,,,,,,,,,,,,,,,,,,,,,,,,,,,,,,,,,,,,,,,,,,,,,,,,,,,,,,,,,,,,,,,,
50,s999,1,40,1,top,,,,tash,,,,,,,,,,,,,,,nonword,,,,,,,,,,,,,,,,,,,,,,,,,,,,,,,,,,,,,,,,,,,,,,,,,,,,,,,,,,,,,,,,,,,,,,,,,,,,,,,,,,,,,,,,,,,
51,s999,1,160,1,top,,,,film,,,,,,,,,,,,,,,word,,,,,,,,,,,,,,,,,,,,,,,,,,,,,,,,,,,,,,,,,,,,,,,,,,,,,,,,,,,,,,,,,,,,,,,,,,,,,,,,,,,,,,,,,,,
52,s999,1,40,1,top,,,,vrote,,,,,,,,,,,,,,,nonword,,,,,,,,,,,,,,,,,,,,,,,,,,,,,,,,,,,,,,,,,,,,,,,,,,,,,,,,,,,,,,,,,,,,,,,,,,,,,,,,,,,,,,,,,,,
53,s999,1,40,1,bot,,,,naze,,,,,,,,,,,,,,,nonword,,,,,,,,,,,,,,,,,,,,,,,,,,,,,,,,,,,,,,,,,,,,,,,,,,,,,,,,,,,,,,,,,,,,,,,,,,,,,,,,,,,,,,,,,,,
54,s999,1,50,1,top,,,,howl,,,,,,,,,,,,,,,word,,,,,,,,,,,,,,,,,,,,,,,,,,,,,,,,,,,,,,,,,,,,,,,,,,,,,,,,,,,,,,,,,,,,,,,,,,,,,,,,,,,,,,,,,,,
55,s999,1,150,1,top,,,,crime,,,,,,,,,,,,,,,word,,,,,,,,,,,,,,,,,,,,,,,,,,,,,,,,,,,,,,,,,,,,,,,,,,,,,,,,,,,,,,,,,,,,,,,,,,,,,,,,,,,,,,,,,,,
56,s999,1,50,1,top,,,,count,,,,,,,,,,,,,,,word,,,,,,,,,,,,,,,,,,,,,,,,,,,,,,,,,,,,,,,,,,,,,,,,,,,,,,,,,,,,,,,,,,,,,,,,,,,,,,,,,,,,,,,,,,,
57,s999,1,20,1,bot,,,,guest,,,,,,,,,,,,,,,word,,,,,,,,,,,,,,,,,,,,,,,,,,,,,,,,,,,,,,,,,,,,,,,,,,,,,,,,,,,,,,,,,,,,,,,,,,,,,,,,,,,,,,,,,,,
58,s999,1,80,1,top,,,,lup,,,,,,,,,,,,,,,nonword,,,,,,,,,,,,,,,,,,,,,,,,,,,,,,,,,,,,,,,,,,,,,,,,,,,,,,,,,,,,,,,,,,,,,,,,,,,,,,,,,,,,,,,,,,,
59,s999,1,110,1,top,,,,pob,,,,,,,,,,,,,,,nonword,,,,,,,,,,,,,,,,,,,,,,,,,,,,,,,,,,,,,,,,,,,,,,,,,,,,,,,,,,,,,,,,,,,,,,,,,,,,,,,,,,,,,,,,,,,
60,s999,1,110,1,top,,,,booth,,,,,,,,,,,,,,,word,,,,,,,,,,,,,,,,,,,,,,,,,,,,,,,,,,,,,,,,,,,,,,,,,,,,,,,,,,,,,,,,,,,,,,,,,,,,,,,,,,,,,,,,,,,
61,s999,1,10,1,top,,,,earl,,,,,,,,,,,,,,,word,,,,,,,,,,,,,,,,,,,,,,,,,,,,,,,,,,,,,,,,,,,,,,,,,,,,,,,,,,,,,,,,,,,,,,,,,,,,,,,,,,,,,,,,,,,
62,s999,1,60,1,top,,,,burn,,,,,,,,,,,,,,,word,,,,,,,,,,,,,,,,,,,,,,,,,,,,,,,,,,,,,,,,,,,,,,,,,,,,,,,,,,,,,,,,,,,,,,,,,,,,,,,,,,,,,,,,,,,
63,s999,1,130,1,bot,,,,gherves,,,,,,,,,,,,,,,nonword,,,,,,,,,,,,,,,,,,,,,,,,,,,,,,,,,,,,,,,,,,,,,,,,,,,,,,,,,,,,,,,,,,,,,,,,,,,,,,,,,,,,,,,,,,,
64,s999,1,160,1,bot,,,,gate,,,,,,,,,,,,,,,word,,,,,,,,,,,,,,,,,,,,,,,,,,,,,,,,,,,,,,,,,,,,,,,,,,,,,,,,,,,,,,,,,,,,,,,,,,,,,,,,,,,,,,,,,,,
65,s999,1,160,1,top,,,,title,,,,,,,,,,,,,,,word,,,,,,,,,,,,,,,,,,,,,,,,,,,,,,,,,,,,,,,,,,,,,,,,,,,,,,,,,,,,,,,,,,,,,,,,,,,,,,,,,,,,,,,,,,,
66,s999,1,130,1,top,,,,dop,,,,,,,,,,,,,,,nonword,,,,,,,,,,,,,,,,,,,,,,,,,,,,,,,,,,,,,,,,,,,,,,,,,,,,,,,,,,,,,,,,,,,,,,,,,,,,,,,,,,,,,,,,,,,
67,s999,1,110,1,top,,,,wish,,,,,,,,,,,,,,,word,,,,,,,,,,,,,,,,,,,,,,,,,,,,,,,,,,,,,,,,,,,,,,,,,,,,,,,,,,,,,,,,,,,,,,,,,,,,,,,,,,,,,,,,,,,
68,s999,1,110,1,top,,,,mipp,,,,,,,,,,,,,,,nonword,,,,,,,,,,,,,,,,,,,,,,,,,,,,,,,,,,,,,,,,,,,,,,,,,,,,,,,,,,,,,,,,,,,,,,,,,,,,,,,,,,,,,,,,,,,
69,s999,1,70,1,bot,,,,cruk,,,,,,,,,,,,,,,nonword,,,,,,,,,,,,,,,,,,,,,,,,,,,,,,,,,,,,,,,,,,,,,,,,,,,,,,,,,,,,,,,,,,,,,,,,,,,,,,,,,,,,,,,,,,,
70,s999,1,70,1,top,,,,whot,,,,,,,,,,,,,,,nonword,,,,,,,,,,,,,,,,,,,,,,,,,,,,,,,,,,,,,,,,,,,,,,,,,,,,,,,,,,,,,,,,,,,,,,,,,,,,,,,,,,,,,,,,,,,
71,s999,1,40,1,top,,,,case,,,,,,,,,,,,,,,word,,,,,,,,,,,,,,,,,,,,,,,,,,,,,,,,,,,,,,,,,,,,,,,,,,,,,,,,,,,,,,,,,,,,,,,,,,,,,,,,,,,,,,,,,,,
72,s999,1,10,1,bot,,,,fail,,,,,,,,,,,,,,,word,,,,,,,,,,,,,,,,,,,,,,,,,,,,,,,,,,,,,,,,,,,,,,,,,,,,,,,,,,,,,,,,,,,,,,,,,,,,,,,,,,,,,,,,,,,
73,s999,1,120,1,top,,,,bamp,,,,,,,,,,,,,,,nonword,,,,,,,,,,,,,,,,,,,,,,,,,,,,,,,,,,,,,,,,,,,,,,,,,,,,,,,,,,,,,,,,,,,,,,,,,,,,,,,,,,,,,,,,,,,
74,s999,1,140,1,top,,,,past,,,,,,,,,,,,,,,word,,,,,,,,,,,,,,,,,,,,,,,,,,,,,,,,,,,,,,,,,,,,,,,,,,,,,,,,,,,,,,,,,,,,,,,,,,,,,,,,,,,,,,,,,,,
75,s999,1,70,1,top,,,,klak,,,,,,,,,,,,,,,nonword,,,,,,,,,,,,,,,,,,,,,,,,,,,,,,,,,,,,,,,,,,,,,,,,,,,,,,,,,,,,,,,,,,,,,,,,,,,,,,,,,,,,,,,,,,,
76,s999,1,50,1,bot,,,,deal,,,,,,,,,,,,,,,word,,,,,,,,,,,,,,,,,,,,,,,,,,,,,,,,,,,,,,,,,,,,,,,,,,,,,,,,,,,,,,,,,,,,,,,,,,,,,,,,,,,,,,,,,,,
77,s999,1,120,1,bot,,,,hold,,,,,,,,,,,,,,,word,,,,,,,,,,,,,,,,,,,,,,,,,,,,,,,,,,,,,,,,,,,,,,,,,,,,,,,,,,,,,,,,,,,,,,,,,,,,,,,,,,,,,,,,,,,
78,s999,1,110,1,top,,,,job,,,,,,,,,,,,,,,word,,,,,,,,,,,,,,,,,,,,,,,,,,,,,,,,,,,,,,,,,,,,,,,,,,,,,,,,,,,,,,,,,,,,,,,,,,,,,,,,,,,,,,,,,,,
79,s999,1,110,1,bot,,,,llap,,,,,,,,,,,,,,,nonword,,,,,,,,,,,,,,,,,,,,,,,,,,,,,,,,,,,,,,,,,,,,,,,,,,,,,,,,,,,,,,,,,,,,,,,,,,,,,,,,,,,,,,,,,,,
80,s999,1,170,1,bot,,,,plabe,,,,,,,,,,,,,,,nonword,,,,,,,,,,,,,,,,,,,,,,,,,,,,,,,,,,,,,,,,,,,,,,,,,,,,,,,,,,,,,,,,,,,,,,,,,,,,,,,,,,,,,,,,,,,
81,s999,1,110,1,bot,,,,patch,,,,,,,,,,,,,,,word,,,,,,,,,,,,,,,,,,,,,,,,,,,,,,,,,,,,,,,,,,,,,,,,,,,,,,,,,,,,,,,,,,,,,,,,,,,,,,,,,,,,,,,,,,,
82,s999,1,120,1,bot,,,,hunt,,,,,,,,,,,,,,,word,,,,,,,,,,,,,,,,,,,,,,,,,,,,,,,,,,,,,,,,,,,,,,,,,,,,,,,,,,,,,,,,,,,,,,,,,,,,,,,,,,,,,,,,,,,
83,s999,1,120,1,top,,,,jool,,,,,,,,,,,,,,,nonword,,,,,,,,,,,,,,,,,,,,,,,,,,,,,,,,,,,,,,,,,,,,,,,,,,,,,,,,,,,,,,,,,,,,,,,,,,,,,,,,,,,,,,,,,,,
84,s999,1,70,1,top,,,,roil,,,,,,,,,,,,,,,nonword,,,,,,,,,,,,,,,,,,,,,,,,,,,,,,,,,,,,,,,,,,,,,,,,,,,,,,,,,,,,,,,,,,,,,,,,,,,,,,,,,,,,,,,,,,,
85,s999,1,140,1,top,,,,mobe,,,,,,,,,,,,,,,nonword,,,,,,,,,,,,,,,,,,,,,,,,,,,,,,,,,,,,,,,,,,,,,,,,,,,,,,,,,,,,,,,,,,,,,,,,,,,,,,,,,,,,,,,,,,,
86,s999,1,10,1,bot,,,,stair,,,,,,,,,,,,,,,word,,,,,,,,,,,,,,,,,,,,,,,,,,,,,,,,,,,,,,,,,,,,,,,,,,,,,,,,,,,,,,,,,,,,,,,,,,,,,,,,,,,,,,,,,,,
87,s999,1,170,1,top,,,,frox,,,,,,,,,,,,,,,nonword,,,,,,,,,,,,,,,,,,,,,,,,,,,,,,,,,,,,,,,,,,,,,,,,,,,,,,,,,,,,,,,,,,,,,,,,,,,,,,,,,,,,,,,,,,,
88,s999,1,120,1,bot,,,,guard,,,,,,,,,,,,,,,word,,,,,,,,,,,,,,,,,,,,,,,,,,,,,,,,,,,,,,,,,,,,,,,,,,,,,,,,,,,,,,,,,,,,,,,,,,,,,,,,,,,,,,,,,,,
89,s999,1,130,1,top,,,,wabe,,,,,,,,,,,,,,,nonword,,,,,,,,,,,,,,,,,,,,,,,,,,,,,,,,,,,,,,,,,,,,,,,,,,,,,,,,,,,,,,,,,,,,,,,,,,,,,,,,,,,,,,,,,,,
90,s999,1,100,1,bot,,,,knee,,,,,,,,,,,,,,,word,,,,,,,,,,,,,,,,,,,,,,,,,,,,,,,,,,,,,,,,,,,,,,,,,,,,,,,,,,,,,,,,,,,,,,,,,,,,,,,,,,,,,,,,,,,
91,s999,1,140,1,bot,,,,wath,,,,,,,,,,,,,,,nonword,,,,,,,,,,,,,,,,,,,,,,,,,,,,,,,,,,,,,,,,,,,,,,,,,,,,,,,,,,,,,,,,,,,,,,,,,,,,,,,,,,,,,,,,,,,
92,s999,1,100,1,bot,,,,prime,,,,,,,,,,,,,,,word,,,,,,,,,,,,,,,,,,,,,,,,,,,,,,,,,,,,,,,,,,,,,,,,,,,,,,,,,,,,,,,,,,,,,,,,,,,,,,,,,,,,,,,,,,,
93,s999,1,140,1,bot,,,,kick,,,,,,,,,,,,,,,word,,,,,,,,,,,,,,,,,,,,,,,,,,,,,,,,,,,,,,,,,,,,,,,,,,,,,,,,,,,,,,,,,,,,,,,,,,,,,,,,,,,,,,,,,,,
94,s999,1,140,1,top,,,,dark,,,,,,,,,,,,,,,word,,,,,,,,,,,,,,,,,,,,,,,,,,,,,,,,,,,,,,,,,,,,,,,,,,,,,,,,,,,,,,,,,,,,,,,,,,,,,,,,,,,,,,,,,,,
95,s999,1,150,1,top,,,,court,,,,,,,,,,,,,,,word,,,,,,,,,,,,,,,,,,,,,,,,,,,,,,,,,,,,,,,,,,,,,,,,,,,,,,,,,,,,,,,,,,,,,,,,,,,,,,,,,,,,,,,,,,,
96,s999,1,70,1,bot,,,,feel,,,,,,,,,,,,,,,word,,,,,,,,,,,,,,,,,,,,,,,,,,,,,,,,,,,,,,,,,,,,,,,,,,,,,,,,,,,,,,,,,,,,,,,,,,,,,,,,,,,,,,,,,,,
97,s999,1,80,1,top,,,,criz,,,,,,,,,,,,,,,nonword,,,,,,,,,,,,,,,,,,,,,,,,,,,,,,,,,,,,,,,,,,,,,,,,,,,,,,,,,,,,,,,,,,,,,,,,,,,,,,,,,,,,,,,,,,,
98,s999,1,110,1,bot,,,,yoop,,,,,,,,,,,,,,,nonword,,,,,,,,,,,,,,,,,,,,,,,,,,,,,,,,,,,,,,,,,,,,,,,,,,,,,,,,,,,,,,,,,,,,,,,,,,,,,,,,,,,,,,,,,,,
99,s999,1,120,1,top,,,,reeg,,,,,,,,,,,,,,,nonword,,,,,,,,,,,,,,,,,,,,,,,,,,,,,,,,,,,,,,,,,,,,,,,,,,,,,,,,,,,,,,,,,,,,,,,,,,,,,,,,,,,,,,,,,,,
100,s999,1,120,1,bot,,,,hint,,,,,,,,,,,,,,,word,,,,,,,,,,,,,,,,,,,,,,,,,,,,,,,,,,,,,,,,,,,,,,,,,,,,,,,,,,,,,,,,,,,,,,,,,,,,,,,,,,,,,,,,,,,
101,s999,1,30,1,top,,,,klase,,,,,,,,,,,,,,,nonword,,,,,,,,,,,,,,,,,,,,,,,,,,,,,,,,,,,,,,,,,,,,,,,,,,,,,,,,,,,,,,,,,,,,,,,,,,,,,,,,,,,,,,,,,,,
102,s999,1,160,1,top,,,,giant,,,,,,,,,,,,,,,word,,,,,,,,,,,,,,,,,,,,,,,,,,,,,,,,,,,,,,,,,,,,,,,,,,,,,,,,,,,,,,,,,,,,,,,,,,,,,,,,,,,,,,,,,,,
103,s999,1,40,1,top,,,,tea,,,,,,,,,,,,,,,word,,,,,,,,,,,,,,,,,,,,,,,,,,,,,,,,,,,,,,,,,,,,,,,,,,,,,,,,,,,,,,,,,,,,,,,,,,,,,,,,,,,,,,,,,,,
104,s999,1,30,1,bot,,,,pint,,,,,,,,,,,,,,,word,,,,,,,,,,,,,,,,,,,,,,,,,,,,,,,,,,,,,,,,,,,,,,,,,,,,,,,,,,,,,,,,,,,,,,,,,,,,,,,,,,,,,,,,,,,
105,s999,1,160,1,top,,,,arm,,,,,,,,,,,,,,,word,,,,,,,,,,,,,,,,,,,,,,,,,,,,,,,,,,,,,,,,,,,,,,,,,,,,,,,,,,,,,,,,,,,,,,,,,,,,,,,,,,,,,,,,,,,
106,s999,2,160,1,top,0,,,yose,,,,,,,,,,,,,,,nonword,,,,,,,,,,,,,,,,,,,,,,,,,,,,,,,,,,,,,,,,,,,,,60.0,110.0,,,,,,,,,,,,,,,,,,,,,,,,,,,,,,,,,,,,,,,,,,,,,
107,s999,2,130,12,bot,0,,,team,nime,make,raq,purse,coss,came,shrod,thick,yab,ched,smigh,,,,word,nonword,word,nonword,word,nonword,word,nonword,word,nonword,nonword,nonword,,,,80,170,140,150,60,110,60,10,170,50,170,,,,,100,100,100,160,160,150,100,120,30,100,70,,,,,80.0,60.0,,,,,,,,,,,,,,,,,,,,,,,,,,,,,,,,,,,,,,,,,,,,,
108,s999,2,50,15,bot,0,,,poor,crane,seen,plug,viv,ake,three,lift,yipes,size,her,lean,train,far,spot,word,word,word,word,nonword,nonword,word,word,nonword,word,word,word,word,word,word,20,120,150,120,130,150,20,160,70,120,70,110,20,80,,150,150,110,40,30,30,100,120,40,110,170,40,110,30,,120.0,120.0,,,,,,,,,,,,,,,,,,,,,,,,,,,,,,,,,,,,,,,,,,,,,
109,s999,2,150,8,bot,0,,,brud,cube,verb,pef,zote,vom,love,koot,,,,,,,,nonword,word,word,nonword,nonword,nonword,word,nonword,,,,,,,,140,80,60,50,120,50,40,,,,,,,,,160,130,160,50,170,130,10,,,,,,,,,30.0,30.0,,,,,,,,,,,,,,,,,,,,,,,,,,,,,,,,,,,,,,,,,,,,,
110,s999,2,160,11,bot,0,,,jad,news,wrimp,troke,sick,drop,pope,bon,day,gev,rhoothed,,,,,nonword,word,nonword,nonword,word,word,word,nonword,word,nonword,nonword,,,,,100,20,170,50,130,150,120,30,100,120,,,,,,60,170,80,40,20,10,150,10,30,70,,,,,,50.0,110.0,,,,,,,,,,,,,,,,,,,,,,,,,,,,,,,,,,,,,,,,,,,,,
111,s999,2,50,9,top,1,,,fact,rige,vuk,line,fan,steam,scheme,step,pog,,,,,,,word,nonword,nonword,word,word,word,word,word,nonword,,,,,,,60,80,70,80,130,60,40,50,,,,,,,,150,170,170,150,30,160,140,150,,,,,,,,40.0,80.0,,,,,,,,,,,,,,,,,,,,,,,,,,,,,,,,,,,,,,,,,,,,,
112,s999,2,100,13,bot,1,,,cheshed,lump,term,gain,scare,fell,pipe,zedt,kins ,loan,pump,plate,foff,,,nonword,word,word,word,word,word,word,nonword,nonword,word,word,word,nonword,,,60,50,10,10,70,10,120,40,120,160,70,50,,,,60,60,30,60,50,150,10,80,40,120,120,100,,,,30.0,140.0,,,,,,,,,,,,,,,,,,,,,,,,,,,,,,,,,,,,,,,,,,,,,
113,s999,2,150,10,bot,1,,,skoob,hell,saj,reth,chad,epped,dob,teld,plex,crawl,,,,,,nonword,word,nonword,nonword,nonword,nonword,nonword,nonword,nonword,word,,,,,,60,40,120,20,40,20,30,20,130,,,,,,,10,170,40,140,160,160,80,30,150,,,,,,,170.0,40.0,,,,,,,,,,,,,,,,,,,,,,,,,,,,,,,,,,,,,,,,,,,,,
114,s999,2,60,1,top,1,,,turn,,,,,,,,,,,,,,,word,,,,,,,,,,,,,,,,,,,,,,,,,,,,,,,,,,,,,,,,,,,,,60.0,170.0,,,,,,,,,,,,,,,,,,,,,,,,,,,,,,,,,,,,,,,,,,,,,
115,s999,2,40,11,top,1,,,clake,tin,bar,sod,storm,nert,snow,mank,joch,trin,laid,,,,,nonword,word,word,word,word,nonword,word,nonword,nonword,nonword,word,,,,,160,140,60,20,130,20,80,120,60,40,,,,,,110,100,100,150,170,80,160,160,80,110,,,,,,100.0,170.0,,,,,,,,,,,,,,,,,,,,,,,,,,,,,,,,,,,,,,,,,,,,,
116,s999,2,160,8,bot,1,,,pab,geep,tip,moom,best,rule,roap,gem,,,,,,,,nonword,nonword,word,nonword,word,word,nonword,word,,,,,,,,80,110,80,150,60,40,60,,,,,,,,,110,60,30,150,40,10,160,,,,,,,,,60.0,70.0,,,,,,,,,,,,,,,,,,,,,,,,,,,,,,,,,,,,,,,,,,,,,
117,s999,2,120,12,top,0,,,clear,hund,foop,tarb,cross,done,lich,phase,pors,store,split,stork,,,,word,nonword,nonword,nonword,word,word,nonword,word,nonword,word,word,word,,,,80,170,20,80,40,50,100,160,60,20,80,,,,,20,70,100,50,60,160,40,160,30,10,80,,,,,150.0,50.0,,,,,,,,,,,,,,,,,,,,,,,,,,,,,,,,,,,,,,,,,,,,,
118,s999,2,50,4,bot,0,,,pot,wide,spens,plel,,,,,,,,,,,,word,word,nonword,nonword,,,,,,,,,,,,170,130,100,,,,,,,,,,,,,10,10,120,,,,,,,,,,,,,80.0,60.0,,,,,,,,,,,,,,,,,,,,,,,,,,,,,,,,,,,,,,,,,,,,,
119,s999,2,170,10,top,1,,,seap,street,hook,box,touch,beak,pirt,vlump,culs,pause,,,,,,nonword,word,word,word,word,word,nonword,nonword,nonword,word,,,,,,100,40,80,130,120,100,80,40,170,,,,,,,70,110,20,20,80,60,10,160,40,,,,,,,80.0,130.0,,,,,,,,,,,,,,,,,,,,,,,,,,,,,,,,,,,,,,,,,,,,,
120,s999,2,50,14,bot,0,,,earn,hesh,prip,strain,blive,vade,need,whup,speak,fruit,links,want,sack,cels,,word,nonword,nonword,word,nonword,nonword,word,nonword,word,word,word,word,word,nonword,,20,20,170,170,80,20,140,70,150,20,170,100,110,,,100,100,100,40,80,150,60,100,60,70,160,130,160,,,140.0,40.0,,,,,,,,,,,,,,,,,,,,,,,,,,,,,,,,,,,,,,,,,,,,,
121,s999,2,150,3,bot,0,,,veech,woc,roop,,,,,,,,,,,,,nonword,nonword,nonword,,,,,,,,,,,,,40,140,,,,,,,,,,,,,,130,50,,,,,,,,,,,,,,10.0,140.0,,,,,,,,,,,,,,,,,,,,,,,,,,,,,,,,,,,,,,,,,,,,,
122,s999,2,110,13,bot,0,,,javs,thought,sore,proof,pool,floge,cost,pate,buy,dress,voon,sent,urn,,,nonword,word,word,word,word,nonword,word,nonword,word,word,nonword,word,word,,,160,40,70,130,140,140,60,60,40,40,50,170,,,,10,100,170,60,140,40,140,30,150,40,60,30,,,,70.0,140.0,,,,,,,,,,,,,,,,,,,,,,,,,,,,,,,,,,,,,,,,,,,,,
123,s999,2,150,15,top,1,,,plep,next,nim,bleeced,mate,thig,bef,shom,ghost,fair,whike,ate,pass,raid,vup,nonword,word,nonword,nonword,word,nonword,nonword,nonword,word,word,nonword,word,word,word,nonword,70,50,120,50,60,80,110,170,110,60,20,140,50,150,,160,170,40,40,140,50,80,140,70,30,20,130,70,160,,110.0,130.0,,,,,,,,,,,,,,,,,,,,,,,,,,,,,,,,,,,,,,,,,,,,,
124,s999,2,60,9,top,1,,,haf,shreeg,glad,larn,fall,hing,boosh,lawned,kab,,,,,,,nonword,nonword,word,nonword,word,nonword,nonword,nonword,nonword,,,,,,,160,80,140,30,170,150,10,60,,,,,,,,50,130,170,100,20,130,70,170,,,,,,,,70.0,10.0,,,,,,,,,,,,,,,,,,,,,,,,,,,,,,,,,,,,,,,,,,,,,
125,s999,2,100,14,bot,1,,,jemp,ceb,palf,bulp,yote,vide,veep,flace,red,stives,kind,base,snoff,wear,,nonword,nonword,nonword,nonword,nonword,nonword,nonword,nonword,word,nonword,word,word,nonword,word,,110,140,20,10,130,70,40,160,50,150,160,40,10,,,50,80,140,130,70,10,70,170,60,20,110,120,100,,,60.0,130.0,,,,,,,,,,,,,,,,,,,,,,,,,,,,,,,,,,,,,,,,,,,,,
126,s999,3,30,2,top,1,,,care,lone,,,,,,,,,,,,,,word,word,,,,,,,,,,,,,,30,,,,,,,,,,,,,,,70,,,,,,,,,,,,,,,120.0,120.0,,,,,,,,,,,,,,,,,,,,,,,,,,,,,,,,,,,,,,,,,,,,,
127,s999,3,30,15,bot,1,,,yoge,coosh,map,shoge,proth,wrike,ribe,tale,jam,chage,teeg,clue,guide,trace,tipe,nonword,nonword,word,nonword,nonword,nonword,nonword,word,word,nonword,nonword,word,word,word,nonword,140,130,170,80,70,130,160,100,80,150,160,170,60,150,,70,100,70,150,40,150,170,130,140,80,100,10,140,30,,100.0,140.0,,,,,,,,,,,,,,,,,,,,,,,,,,,,,,,,,,,,,,,,,,,,,
128,s999,3,20,8,top,1,,,yoon,nod,yone,borne,choop,knunds,stone,sold,,,,,,,,nonword,word,nonword,word,nonword,nonword,word,word,,,,,,,,120,50,10,160,30,120,20,,,,,,,,,130,160,100,140,50,70,100,,,,,,,,,140.0,100.0,,,,,,,,,,,,,,,,,,,,,,,,,,,,,,,,,,,,,,,,,,,,,
129,s999,3,120,8,bot,1,,,smopped,lomk,cade,bat,tent,sin,cleak,tool,,,,,,,,nonword,nonword,nonword,word,word,word,nonword,word,,,,,,,,80,130,100,70,170,80,30,,,,,,,,,60,110,130,100,110,170,120,,,,,,,,,30.0,100.0,,,,,,,,,,,,,,,,,,,,,,,,,,,,,,,,,,,,,,,,,,,,,
130,s999,3,30,9,top,0,,,duss,drug,tape,cool,dregged,cart,gwumbs,quart,wob,,,,,,,nonword,word,word,word,nonword,word,nonword,word,nonword,,,,,,,70,80,70,170,160,170,40,50,,,,,,,,10,10,160,80,20,160,10,170,,,,,,,,80.0,170.0,,,,,,,,,,,,,,,,,,,,,,,,,,,,,,,,,,,,,,,,,,,,,
131,s999,3,80,11,bot,1,,,keen,whid,lids,pair,aunt,hard,show,caught,wet,roob,waist,,,,,word,nonword,nonword,word,word,word,word,word,word,nonword,word,,,,,130,30,10,140,50,40,100,170,60,140,,,,,,40,70,50,30,170,150,160,120,160,80,,,,,,70.0,70.0,,,,,,,,,,,,,,,,,,,,,,,,,,,,,,,,,,,,,,,,,,,,,
132,s999,3,20,11,top,1,,,steal,school,hap,frank,bab,grow,whind,bump,grown,grind,trip,,,,,word,word,nonword,word,nonword,word,nonword,word,word,word,word,,,,,140,130,160,120,40,120,70,130,140,20,,,,,,70,170,120,100,140,60,100,40,160,120,,,,,,130.0,30.0,,,,,,,,,,,,,,,,,,,,,,,,,,,,,,,,,,,,,,,,,,,,,
133,s999,3,140,14,top,0,,,led,holks,hang,clash,shame,breet,wube,craut,leap,snat,twig,freb,fers,jail,,word,nonword,word,word,word,nonword,nonword,nonword,word,nonword,word,nonword,nonword,word,,150,100,80,70,10,150,70,110,10,20,40,150,40,,,70,40,100,50,50,10,160,10,70,170,20,50,50,,,80.0,80.0,,,,,,,,,,,,,,,,,,,,,,,,,,,,,,,,,,,,,,,,,,,,,
134,s999,3,80,13,top,1,,,wip,soft,dake,threnth,month,five,four,noot,world,stulked,hode,post,truth,,,nonword,word,nonword,nonword,word,word,word,nonword,word,nonword,nonword,word,word,,,160,150,100,100,120,120,150,150,40,120,30,80,,,,150,160,30,120,40,100,130,160,40,140,170,20,,,,170.0,30.0,,,,,,,,,,,,,,,,,,,,,,,,,,,,,,,,,,,,,,,,,,,,,
135,s999,3,60,14,bot,0,,,chart,nine,glake,flow,hish,grap,brif,fing,file,tap,mros,fore,sheem,weeg,,word,word,nonword,word,nonword,nonword,nonword,nonword,word,word,nonword,word,nonword,nonword,,50,100,40,20,120,20,30,130,20,150,80,110,10,,,30,150,110,10,50,30,130,70,50,100,140,150,30,,,80.0,160.0,,,,,,,,,,,,,,,,,,,,,,,,,,,,,,,,,,,,,,,,,,,,,
136,s999,3,70,15,bot,1,,,guy,break,lewn,frosh,rebe,palt,gope,slease,front,breath,fork,sisk,rav,jup,blop,word,word,nonword,nonword,nonword,nonword,nonword,nonword,word,word,word,nonword,nonword,nonword,nonword,160,110,60,10,120,130,160,110,100,110,110,10,140,30,,10,20,50,120,40,100,60,100,30,110,50,60,10,70,,10.0,130.0,,,,,,,,,,,,,,,,,,,,,,,,,,,,,,,,,,,,,,,,,,,,,
137,s999,3,50,2,bot,0,,,kak,dise,,,,,,,,,,,,,,nonword,nonword,,,,,,,,,,,,,,100,,,,,,,,,,,,,,,170,,,,,,,,,,,,,,,70.0,60.0,,,,,,,,,,,,,,,,,,,,,,,,,,,,,,,,,,,,,,,,,,,,,
138,s999,3,30,12,top,1,,,hurt,tack,year,ghelms,reach,dawn,morgue,doin,pain,gnez,crix,true,,,,word,word,word,nonword,word,word,word,nonword,word,nonword,nonword,word,,,,100,100,70,130,150,170,10,130,110,70,30,,,,,150,130,60,170,100,40,20,40,150,20,110,,,,,130.0,80.0,,,,,,,,,,,,,,,,,,,,,,,,,,,,,,,,,,,,,,,,,,,,,
139,s999,3,170,12,bot,0,,,float,vim,stake,bife,cent,right,wiv,teth,strelt,wieked,loge,act,,,,word,nonword,word,nonword,word,word,nonword,nonword,nonword,nonword,nonword,word,,,,50,60,60,120,10,100,120,120,10,80,30,,,,,160,60,50,120,30,50,50,100,20,110,70,,,,,60.0,40.0,,,,,,,,,,,,,,,,,,,,,,,,,,,,,,,,,,,,,,,,,,,,,
140,s999,3,150,10,top,0,,,goov,lime,long,judge,mife,green,string,div,blue,fuel,,,,,,nonword,word,word,word,nonword,word,word,nonword,word,word,,,,,,170,110,170,20,50,50,120,130,40,,,,,,,140,130,10,20,80,160,160,120,10,,,,,,,110.0,30.0,,,,,,,,,,,,,,,,,,,,,,,,,,,,,,,,,,,,,,,,,,,,,
141,s999,3,170,13,top,0,,,dweach,head,waint ,age,veed,wel,group,bomn,trose,win,veft,move,pite,,,nonword,word,nonword,word,nonword,nonword,word,nonword,nonword,word,nonword,word,nonword,,,130,120,40,20,20,150,70,40,80,40,50,60,,,,130,120,20,110,150,130,20,70,80,40,150,80,,,,150.0,140.0,,,,,,,,,,,,,,,,,,,,,,,,,,,,,,,,,,,,,,,,,,,,,
142,s999,3,10,9,bot,0,,,teered,phrague,brunds,mophe,kept,beg,graists,voke,fly,,,,,,,nonword,nonword,nonword,nonword,word,word,nonword,nonword,word,,,,,,,170,60,70,30,40,20,100,50,,,,,,,,50,50,80,120,60,50,130,130,,,,,,,,150.0,40.0,,,,,,,,,,,,,,,,,,,,,,,,,,,,,,,,,,,,,,,,,,,,,
143,s999,3,80,7,bot,1,,,warl,keme,mang,trad,birth,bleam,bropp,,,,,,,,,nonword,nonword,nonword,nonword,word,nonword,nonword,,,,,,,,,40,140,30,30,120,150,,,,,,,,,,160,70,150,110,40,80,,,,,,,,,,150.0,110.0,,,,,,,,,,,,,,,,,,,,,,,,,,,,,,,,,,,,,,,,,,,,,
144,s999,3,50,1,top,0,,,sotched,,,,,,,,,,,,,,,nonword,,,,,,,,,,,,,,,,,,,,,,,,,,,,,,,,,,,,,,,,,,,,,70.0,120.0,,,,,,,,,,,,,,,,,,,,,,,,,,,,,,,,,,,,,,,,,,,,,
145,s999,3,100,10,bot,0,,,rhyth,bunch,debt,queen,llest,course,herns,dare,sign,test,,,,,,nonword,word,word,word,nonword,word,nonword,word,word,word,,,,,,140,20,70,40,80,170,110,20,140,,,,,,,70,140,50,20,170,120,20,110,20,,,,,,,110.0,50.0,,,,,,,,,,,,,,,,,,,,,,,,,,,,,,,,,,,,,,,,,,,,,
146,s999,4,160,10,bot,,,,pofe,vabe,leth,live,pok,pist,clean,lizing,grig,vate,,,,,,nonword,nonword,nonword,word,nonword,nonword,word,nonword,nonword,nonword,,,,,,30,120,130,80,110,100,80,170,160,,,,,,,40,170,30,40,40,20,140,40,160,,,,,,,120.0,140.0,,,,,,,,,,,,,,,,,,,,,,,,,,,,,,,,,,,,,,,,,,,,,
147,s999,4,10,13,top,,,,rough,force,blew,jipe,hot,sould,mibe,sleep,read,damv,hax,risk,shoops,,,word,word,word,nonword,word,nonword,nonword,word,word,nonword,nonword,word,nonword,,,130,50,170,160,120,60,150,170,60,30,140,10,,,,100,30,150,120,70,150,70,140,170,140,70,10,,,,130.0,40.0,,,,,,,,,,,,,,,,,,,,,,,,,,,,,,,,,,,,,,,,,,,,,
148,s999,4,160,1,top,,,,send,,,,,,,,,,,,,,,word,,,,,,,,,,,,,,,,,,,,,,,,,,,,,,,,,,,,,,,,,,,,,160.0,160.0,,,,,,,,,,,,,,,,,,,,,,,,,,,,,,,,,,,,,,,,,,,,,
149,s999,4,50,12,top,,,,spramps,prab,draw,smooth,franc,bible,vone,poth,vrade,law,man,made,,,,nonword,nonword,word,word,word,word,nonword,nonword,nonword,word,word,word,,,,60,20,40,60,160,30,30,130,40,140,50,,,,,110,110,20,160,70,80,20,20,130,170,50,,,,,60.0,10.0,,,,,,,,,,,,,,,,,,,,,,,,,,,,,,,,,,,,,,,,,,,,,
150,s999,4,40,8,bot,,,,bloff,voj,wool,whole,tain,crofe,his,broad,,,,,,,,nonword,nonword,word,word,nonword,nonword,word,word,,,,,,,,20,80,60,170,110,130,40,,,,,,,,,80,150,110,140,160,50,40,,,,,,,,,140.0,130.0,,,,,,,,,,,,,,,,,,,,,,,,,,,,,,,,,,,,,,,,,,,,,
151,s999,4,20,5,top,,,,fault,coal,boast,hal,wire,,,,,,,,,,,word,word,word,nonword,word,,,,,,,,,,,140,80,120,20,,,,,,,,,,,,70,140,160,20,,,,,,,,,,,,80.0,100.0,,,,,,,,,,,,,,,,,,,,,,,,,,,,,,,,,,,,,,,,,,,,,
152,s999,4,170,9,top,,,,wourn,smuip,fosh,sithe,low,tuv,men,bad,lunch,,,,,,,nonword,nonword,nonword,nonword,word,nonword,word,word,word,,,,,,,160,10,120,140,60,80,10,170,,,,,,,,140,60,50,130,120,150,80,170,,,,,,,,20.0,50.0,,,,,,,,,,,,,,,,,,,,,,,,,,,,,,,,,,,,,,,,,,,,,
153,s999,4,120,9,top,,,,safe,drill,hiv,perd,learn,shell,van,dive,war,,,,,,,word,word,nonword,nonword,word,word,word,word,word,,,,,,,30,60,130,20,80,110,130,120,,,,,,,,70,30,80,30,100,50,140,120,,,,,,,,70.0,150.0,,,,,,,,,,,,,,,,,,,,,,,,,,,,,,,,,,,,,,,,,,,,,
154,s999,4,30,15,top,,,,piece,soll,bank,simple,smest,fare,crank,flesh,dirt,snail,def,dead,ripe,psade,meeb,word,nonword,word,word,nonword,word,word,word,word,word,nonword,word,word,nonword,nonword,40,170,100,20,80,80,170,100,130,150,10,80,80,30,,120,60,120,10,150,70,10,120,110,40,100,70,130,30,,170.0,110.0,,,,,,,,,,,,,,,,,,,,,,,,,,,,,,,,,,,,,,,,,,,,,
155,s999,4,80,3,bot,,,,pile,whap,joke,,,,,,,,,,,,,word,nonword,word,,,,,,,,,,,,,10,80,,,,,,,,,,,,,,170,80,,,,,,,,,,,,,,60.0,10.0,,,,,,,,,,,,,,,,,,,,,,,,,,,,,,,,,,,,,,,,,,,,,
156,s999,4,30,4,bot,,,,lens,glimpse,tube,delm,,,,,,,,,,,,word,word,word,nonword,,,,,,,,,,,,70,60,30,,,,,,,,,,,,,60,160,30,,,,,,,,,,,,,160.0,80.0,,,,,,,,,,,,,,,,,,,,,,,,,,,,,,,,,,,,,,,,,,,,,
157,s999,4,170,15,top,,,,look,hill,toil,glep,jev,taids,tail,health,good,stump,pefs,psop,weak,flish,thwaned,word,word,word,nonword,nonword,nonword,word,word,word,word,nonword,nonword,word,nonword,nonword,20,150,160,20,20,160,100,70,30,140,10,70,40,170,,40,40,140,120,50,60,110,40,130,60,60,40,50,170,,110.0,50.0,,,,,,,,,,,,,,,,,,,,,,,,,,,,,,,,,,,,,,,,,,,,,
158,s999,4,120,11,bot,,,,plape,bedge,soup,hok,hump,bool,rush,wethe,pej,zive,sigh,,,,,nonword,nonword,word,nonword,word,nonword,word,nonword,nonword,nonword,word,,,,,40,70,170,150,50,130,60,40,50,120,,,,,,100,30,60,30,20,100,100,140,100,120,,,,,,50.0,80.0,,,,,,,,,,,,,,,,,,,,,,,,,,,,,,,,,,,,,,,,,,,,,
159,s999,4,30,12,top,,,,sound,join,brel,board,meb,crooc,hall,geef,scirrs,yoof,fourth,part,,,,word,word,nonword,word,nonword,nonword,word,nonword,nonword,nonword,word,word,,,,140,110,160,40,40,80,70,40,120,170,30,,,,,110,120,50,120,140,50,10,110,130,130,30,,,,,120.0,70.0,,,,,,,,,,,,,,,,,,,,,,,,,,,,,,,,,,,,,,,,,,,,,
160,s999,4,30,14,bot,,,,hiff,save,spare,peace,priest,sell,mad,glynes,flike,teeb,each,cue,geed,brev,,nonword,word,word,word,word,word,word,nonword,nonword,nonword,word,word,nonword,nonword,,20,130,50,160,140,60,60,10,150,140,40,140,30,,,140,150,160,100,150,120,120,100,170,150,130,110,30,,,40.0,150.0,,,,,,,,,,,,,,,,,,,,,,,,,,,,,,,,,,,,,,,,,,,,,
161,s999,4,20,8,top,,,,ounce,side,bit,dace,coat,het,curve,down,,,,,,,,word,word,word,nonword,word,nonword,word,word,,,,,,,,40,140,70,10,160,60,20,,,,,,,,,160,70,110,120,60,50,20,,,,,,,,,120.0,30.0,,,,,,,,,,,,,,,,,,,,,,,,,,,,,,,,,,,,,,,,,,,,,
162,s999,4,160,13,top,,,,pan,sink,jophe,fun,croop,flock,zrud,seemb,ard,sum,arch,hope,wesh,,,word,word,nonword,word,nonword,word,nonword,nonword,nonword,word,word,word,nonword,,,60,10,80,40,60,100,150,130,20,80,80,160,,,,50,50,50,70,70,10,30,140,70,50,100,160,,,,20.0,130.0,,,,,,,,,,,,,,,,,,,,,,,,,,,,,,,,,,,,,,,,,,,,,
163,s999,4,100,11,top,,,,jots,smorse,phoused,krare,net,gim,klib,reel,diz,holf,natch,,,,,nonword,nonword,nonword,nonword,word,nonword,nonword,word,nonword,nonword,nonword,,,,,70,60,70,140,140,30,120,170,40,100,,,,,,140,30,40,10,80,60,110,80,170,100,,,,,,120.0,60.0,,,,,,,,,,,,,,,,,,,,,,,,,,,,,,,,,,,,,,,,,,,,,
164,s999,4,100,10,top,,,,rik,wras,trav,pash,prot,leeng,playing,ath,bill,jaw,,,,,,nonword,nonword,nonword,nonword,nonword,nonword,word,nonword,word,word,,,,,,140,160,130,20,130,160,170,40,100,,,,,,,40,120,110,10,160,150,20,120,100,,,,,,,160.0,120.0,,,,,,,,,,,,,,,,,,,,,,,,,,,,,,,,,,,,,,,,,,,,,
165,s999,4,70,14,bot,,,,geg,bush,horn,bore,kreesh,fape,cup,komps,lerk,sofe,phleized,swift,mole,bude,,nonword,word,word,word,nonword,nonword,word,nonword,nonword,nonword,nonword,word,word,nonword,,80,30,80,10,120,110,130,130,20,50,150,150,70,,,140,10,140,40,110,140,50,120,160,10,130,20,70,,,10.0,100.0,,,,,,,,,,,,,,,,,,,,,,,,,,,,,,,,,,,,,,,,,,,,,
166,s999,5,100,15,top,,,,lark,lap,snub,rhype,fast,night,note,noun,branch,hur,blind,sob,shock,tir,cast,word,word,word,nonword,word,word,word,word,word,nonword,word,word,word,nonword,word,80,150,160,130,130,30,20,70,10,150,150,20,10,100,,110,30,140,80,60,110,70,160,120,60,140,40,70,100,,60.0,70.0,,,,,,,,,,,,,,,,,,,,,,,,,,,,,,,,,,,,,,,,,,,,,
167,s999,5,30,13,top,,,,peem,hec,kajs,load,form,speds,mail,gade,plam,plant,lix,scale,trame,,,nonword,nonword,nonword,word,word,nonword,word,nonword,nonword,word,nonword,word,nonword,,,80,150,10,80,80,120,20,130,80,130,130,30,,,,10,20,80,60,120,20,50,100,130,20,160,30,,,,130.0,140.0,,,,,,,,,,,,,,,,,,,,,,,,,,,,,,,,,,,,,,,,,,,,,
168,s999,5,140,10,bot,,,,stole,bribe,brub,thamp,cook,straight,boil,weemp,beer,shirt,,,,,,word,word,nonword,nonword,word,word,word,nonword,word,word,,,,,,100,60,100,160,150,160,40,80,140,,,,,,,130,10,30,120,170,120,170,10,140,,,,,,,20.0,80.0,,,,,,,,,,,,,,,,,,,,,,,,,,,,,,,,,,,,,,,,,,,,,
169,s999,5,30,8,bot,,,,goot,sad,twalked,waste,sneiled,soul,thin,wreh,,,,,,,,nonword,word,nonword,word,nonword,word,word,nonword,,,,,,,,100,100,60,170,150,160,30,,,,,,,,,40,60,120,150,50,130,30,,,,,,,,,150.0,60.0,,,,,,,,,,,,,,,,,,,,,,,,,,,,,,,,,,,,,,,,,,,,,
170,s999,5,60,9,bot,,,,wame,salt,zid,brate,mirm,thrurched,shawl,slide,drove,,,,,,,nonword,word,nonword,nonword,nonword,nonword,word,word,word,,,,,,,150,30,80,150,70,10,160,60,,,,,,,,50,100,110,80,30,170,80,60,,,,,,,,50.0,160.0,,,,,,,,,,,,,,,,,,,,,,,,,,,,,,,,,,,,,,,,,,,,,
171,s999,5,160,10,bot,,,,skill,lik,vlet,drink,sleigh,grol,sea,sace,wise,felt,,,,,,word,nonword,nonword,word,word,nonword,word,nonword,word,word,,,,,,110,150,50,170,100,110,40,100,160,,,,,,,10,110,10,140,20,80,120,120,160,,,,,,,60.0,70.0,,,,,,,,,,,,,,,,,,,,,,,,,,,,,,,,,,,,,,,,,,,,,
172,s999,5,40,12,top,,,,bone,lon,vague,gone,zonn,cless,park,cate,broop,trib,jond,quick,,,,word,nonword,word,word,nonword,nonword,word,nonword,nonword,nonword,nonword,word,,,,120,20,20,100,80,160,110,50,60,170,40,,,,,140,80,130,160,20,140,120,60,50,50,40,,,,,10.0,160.0,,,,,,,,,,,,,,,,,,,,,,,,,,,,,,,,,,,,,,,,,,,,,
173,s999,5,170,13,bot,,,,tratt,faint,toad,neeg,brap,vug,camp,kill,hat,core,coom,way,cheds,,,nonword,word,word,nonword,nonword,nonword,word,word,word,word,nonword,word,nonword,,,120,20,40,150,40,100,120,80,110,50,160,170,,,,60,50,70,80,110,50,100,30,140,160,50,170,,,,120.0,100.0,,,,,,,,,,,,,,,,,,,,,,,,,,,,,,,,,,,,,,,,,,,,,
174,s999,5,150,11,top,,,,spite,date,duve,bime,reep,gilms,crale,labe,wall,flide,sing,,,,,word,word,nonword,nonword,nonword,nonword,nonword,nonword,word,nonword,word,,,,,10,130,110,170,110,20,110,120,20,150,,,,,,70,140,30,140,80,40,140,100,170,150,,,,,,70.0,50.0,,,,,,,,,,,,,,,,,,,,,,,,,,,,,,,,,,,,,,,,,,,,,
175,s999,5,80,4,top,,,,threat,brire,fize,wode,,,,,,,,,,,,word,nonword,nonword,nonword,,,,,,,,,,,,40,140,80,,,,,,,,,,,,,130,30,80,,,,,,,,,,,,,120.0,20.0,,,,,,,,,,,,,,,,,,,,,,,,,,,,,,,,,,,,,,,,,,,,,
176,s999,5,130,15,top,,,,shale,bay,quim,neethe,search,plane,buv,swake,cell,sheese,flott,fool,threw,frez,kiz,word,word,nonword,nonword,word,word,nonword,nonword,word,nonword,nonword,word,word,nonword,nonword,40,30,120,100,120,60,50,50,170,140,10,20,150,130,,10,80,160,110,170,70,80,120,80,70,20,30,140,130,,60.0,110.0,,,,,,,,,,,,,,,,,,,,,,,,,,,,,,,,,,,,,,,,,,,,,
177,s999,5,100,9,bot,,,,brick,courn,smelt,rung,shot,pin,pull,trial,bow,,,,,,,word,nonword,word,word,word,word,word,word,word,,,,,,,110,20,30,60,60,120,30,100,,,,,,,,120,10,50,110,80,160,70,100,,,,,,,,10.0,120.0,,,,,,,,,,,,,,,,,,,,,,,,,,,,,,,,,,,,,,,,,,,,,
178,s999,5,110,14,top,,,,friend,weight,fear,loss,screece,mive,vrept,igs,koog,besp,huse,bright,staff,fill,,word,word,word,word,nonword,nonword,nonword,nonword,nonword,nonword,nonword,word,word,word,,40,10,30,60,70,30,10,170,160,20,50,60,110,,,140,80,50,70,10,170,170,20,150,150,70,50,110,,,170.0,150.0,,,,,,,,,,,,,,,,,,,,,,,,,,,,,,,,,,,,,,,,,,,,,
179,s999,5,10,12,top,,,,boar,come,vest,room,bis,height,libs,eight,tox,miss,drulse,wint,,,,word,word,word,word,nonword,word,nonword,word,nonword,word,nonword,nonword,,,,100,150,160,30,160,80,130,60,170,110,10,,,,,160,40,20,130,130,20,150,120,100,40,10,,,,,60.0,140.0,,,,,,,,,,,,,,,,,,,,,,,,,,,,,,,,,,,,,,,,,,,,,
180,s999,5,10,11,top,,,,bare,mreen,nice,road,place,yug,jang,tickle,match,nith,sock,,,,,word,nonword,word,word,word,nonword,nonword,word,word,nonword,word,,,,,110,20,30,130,50,60,160,120,150,10,,,,,,130,100,80,140,70,80,110,80,40,10,,,,,,100.0,170.0,,,,,,,,,,,,,,,,,,,,,,,,,,,,,,,,,,,,,,,,,,,,,
181,s999,5,100,8,top,,,,page,used,weeb,broke,kive,plain,brop,land,,,,,,,,word,word,nonword,word,nonword,word,nonword,word,,,,,,,,80,70,50,150,10,170,100,,,,,,,,,50,20,80,10,160,80,100,,,,,,,,,110.0,170.0,,,,,,,,,,,,,,,,,,,,,,,,,,,,,,,,,,,,,,,,,,,,,
182,s999,5,100,4,top,,,,old,grip,melt,earth,,,,,,,,,,,,word,word,word,word,,,,,,,,,,,,70,30,100,,,,,,,,,,,,,170,40,100,,,,,,,,,,,,,80.0,130.0,,,,,,,,,,,,,,,,,,,,,,,,,,,,,,,,,,,,,,,,,,,,,
183,s999,5,160,4,top,,,,king,god,whuke,bilk,,,,,,,,,,,,word,word,nonword,nonword,,,,,,,,,,,,20,170,160,,,,,,,,,,,,,40,30,160,,,,,,,,,,,,,40.0,150.0,,,,,,,,,,,,,,,,,,,,,,,,,,,,,,,,,,,,,,,,,,,,,
184,s999,5,160,14,top,,,,simp,yate,jate,kile,few,ash,peeg,raw,fence,tune,plofe,toast,tesh,risp,,nonword,nonword,nonword,nonword,word,word,nonword,word,word,word,nonword,word,nonword,nonword,,110,140,10,140,70,120,20,30,20,30,20,70,160,,,70,130,100,30,120,130,40,130,120,170,10,120,160,,,170.0,60.0,,,,,,,,,,,,,,,,,,,,,,,,,,,,,,,,,,,,,,,,,,,,,
185,s999,5,130,3,bot,,,,seat,root,first,,,,,,,,,,,,,word,word,word,,,,,,,,,,,,,80,130,,,,,,,,,,,,,,140,130,,,,,,,,,,,,,,110.0,170.0,,,,,,,,,,,,,,,,,,,,,,,,,,,,,,,,,,,,,,,,,,,,,
186,s999,6,10,11,top,,,,fut,frirks,koom,warn,range,zidt,goke,snombs,shrerns,crook,write,,,,,nonword,nonword,nonword,word,word,nonword,nonword,nonword,nonword,word,word,,,,,70,130,50,60,100,130,110,140,80,10,,,,,,70,110,70,150,170,140,130,160,70,20,,,,,,130.0,120.0,,,,,,,,,,,,,,,,,,,,,,,,,,,,,,,,,,,,,,,,,,,,,
187,s999,6,20,3,top,,,,psanx,pet,fraf,,,,,,,,,,,,,nonword,word,nonword,,,,,,,,,,,,,170,20,,,,,,,,,,,,,,110,140,,,,,,,,,,,,,,80.0,80.0,,,,,,,,,,,,,,,,,,,,,,,,,,,,,,,,,,,,,,,,,,,,,
188,s999,6,40,10,top,,,,teed,full,name,splaides,vobe,drott,laugh,air,foul,fude,,,,,,nonword,word,word,nonword,nonword,nonword,word,word,word,nonword,,,,,,80,70,80,130,110,170,110,110,40,,,,,,,60,160,130,120,140,120,100,50,140,,,,,,,10.0,170.0,,,,,,,,,,,,,,,,,,,,,,,,,,,,,,,,,,,,,,,,,,,,,
189,s999,6,40,14,bot,,,,uncle,type,rent,mass,screeks,bowl,roof,yiz,stop,off,strength,speet,kest,shime,,word,word,word,word,nonword,word,word,nonword,word,word,word,nonword,nonword,nonword,,30,110,50,110,20,30,100,170,170,10,120,100,150,,,100,70,140,30,50,60,120,160,30,20,80,140,40,,,170.0,160.0,,,,,,,,,,,,,,,,,,,,,,,,,,,,,,,,,,,,,,,,,,,,,
190,s999,6,40,10,bot,,,,gef,frutt,teex,vot,watt,wolf,farm,looz,migh,spap,,,,,,nonword,nonword,nonword,nonword,word,word,word,nonword,nonword,nonword,,,,,,10,20,160,160,50,80,60,140,50,,,,,,,50,80,170,130,10,110,110,20,40,,,,,,,110.0,70.0,,,,,,,,,,,,,,,,,,,,,,,,,,,,,,,,,,,,,,,,,,,,,
191,s999,6,160,14,top,,,,mims,sit,nil,home,loud,wamp,born,slip,toff,throw,card,twist,howns,build,,nonword,word,nonword,word,word,nonword,word,word,nonword,word,word,word,nonword,word,,20,60,100,150,60,40,60,60,80,170,40,150,160,,,110,140,110,70,80,40,10,50,70,60,140,110,100,,,110.0,60.0,,,,,,,,,,,,,,,,,,,,,,,,,,,,,,,,,,,,,,,,,,,,,
192,s999,6,40,9,bot,,,,stay,bup,suede,play,blixe,plunge,fipe,nif,sherve,,,,,,,word,nonword,word,word,nonword,word,nonword,nonword,nonword,,,,,,,140,10,130,170,10,140,170,100,,,,,,,,10,50,70,130,140,50,10,40,,,,,,,,150.0,110.0,,,,,,,,,,,,,,,,,,,,,,,,,,,,,,,,,,,,,,,,,,,,,
193,s999,6,60,11,bot,,,,prosh,tight,bick,eat,nake,phuf,scratch,fler,toph,paid,tos,,,,,nonword,word,nonword,word,nonword,nonword,word,nonword,nonword,word,nonword,,,,,70,100,70,150,170,40,150,70,70,130,,,,,,10,20,130,10,50,10,50,160,140,60,,,,,,10.0,140.0,,,,,,,,,,,,,,,,,,,,,,,,,,,,,,,,,,,,,,,,,,,,,
194,s999,6,170,13,bot,,,,cock,chop,sest,fash,still,firm,froos,fath,flot,kire,suit,coast,work,,,word,word,nonword,nonword,word,word,nonword,nonword,nonword,nonword,word,word,word,,,50,10,110,150,140,40,150,60,160,110,150,160,,,,40,150,100,140,50,30,160,10,20,140,40,170,,,,60.0,40.0,,,,,,,,,,,,,,,,,,,,,,,,,,,,,,,,,,,,,,,,,,,,,
195,s999,6,10,4,bot,,,,door,vice,gid,greem,,,,,,,,,,,,word,word,nonword,nonword,,,,,,,,,,,,30,170,170,,,,,,,,,,,,,100,170,10,,,,,,,,,,,,,130.0,120.0,,,,,,,,,,,,,,,,,,,,,,,,,,,,,,,,,,,,,,,,,,,,,
196,s999,6,30,15,bot,,,,phruiff,fur,tall,wife,nav,phrauze,yish,klume,blenes,boge,high,wrong,pen,bosh,zin,nonword,word,word,word,nonword,nonword,nonword,nonword,nonword,nonword,word,word,word,nonword,nonword,10,160,140,50,70,100,130,140,160,80,60,40,150,80,,80,10,110,80,70,80,60,70,60,130,60,10,160,30,,50.0,40.0,,,,,,,,,,,,,,,,,,,,,,,,,,,,,,,,,,,,,,,,,,,,,
197,s999,6,30,12,bot,,,,him,reex,doort,heat,jite,dibe,plem,hair,screeth,sope,late,proke,,,,word,nonword,nonword,word,nonword,nonword,nonword,word,nonword,nonword,word,nonword,,,,50,130,80,150,150,160,10,160,160,130,110,,,,,160,110,10,20,80,160,50,150,150,110,30,,,,,170.0,20.0,,,,,,,,,,,,,,,,,,,,,,,,,,,,,,,,,,,,,,,,,,,,,
198,s999,6,100,2,top,,,,poz,jope,,,,,,,,,,,,,,nonword,nonword,,,,,,,,,,,,,,100,,,,,,,,,,,,,,,60,,,,,,,,,,,,,,,50.0,170.0,,,,,,,,,,,,,,,,,,,,,,,,,,,,,,,,,,,,,,,,,,,,,
199,s999,6,130,9,bot,,,,link,take,food,zore,burf,liffs ,chief,pour,till,,,,,,,word,word,word,nonword,nonword,nonword,word,word,word,,,,,,,170,140,150,40,40,160,70,150,,,,,,,,120,150,170,20,40,40,60,130,,,,,,,,10.0,120.0,,,,,,,,,,,,,,,,,,,,,,,,,,,,,,,,,,,,,,,,,,,,,
200,s999,6,160,8,bot,,,,fripe,bail,bag,brade,rund,slice,port,reign,,,,,,,,nonword,word,word,nonword,nonword,word,word,word,,,,,,,,120,100,130,120,120,80,10,,,,,,,,,120,20,130,60,120,70,160,,,,,,,,,110.0,30.0,,,,,,,,,,,,,,,,,,,,,,,,,,,,,,,,,,,,,,,,,,,,,
201,s999,6,140,5,top,,,,joom,brail,us,shesh,stand,,,,,,,,,,,nonword,nonword,word,nonword,word,,,,,,,,,,,120,130,30,140,,,,,,,,,,,,80,70,20,80,,,,,,,,,,,,50.0,70.0,,,,,,,,,,,,,,,,,,,,,,,,,,,,,,,,,,,,,,,,,,,,,
202,s999,6,160,12,top,,,,pit,cold,game,daj,rest,space,shrais,dind,paint,help,vute,gick,,,,word,word,word,nonword,word,word,nonword,nonword,word,word,nonword,nonword,,,,10,120,30,10,70,40,140,60,60,130,160,,,,,20,110,50,60,170,40,150,30,170,50,60,,,,,80.0,150.0,,,,,,,,,,,,,,,,,,,,,,,,,,,,,,,,,,,,,,,,,,,,,
203,s999,6,80,13,top,,,,knight,tife,hide,white,slow,west,crowd,liff,whook,sole,yix,ramp,bite,,,word,nonword,word,word,word,word,word,nonword,nonword,word,nonword,word,word,,,170,30,110,10,30,120,140,160,110,70,100,80,,,,40,110,150,50,170,120,20,170,70,120,170,170,,,,110.0,170.0,,,,,,,,,,,,,,,,,,,,,,,,,,,,,,,,,,,,,,,,,,,,,
204,s999,6,20,15,bot,,,,south,claim,hab,tax,meez,near,kine,ale,lose,egg,wild,phlidd,pogs,close,wime,word,word,nonword,word,nonword,word,nonword,word,word,word,word,nonword,nonword,word,nonword,120,160,10,170,130,40,60,160,150,70,30,110,40,10,,10,100,170,80,60,80,170,50,130,10,10,70,30,20,,110.0,150.0,,,,,,,,,,,,,,,,,,,,,,,,,,,,,,,,,,,,,,,,,,,,,
205,s999,6,100,8,top,,,,desk,rek,swoak,phine,migs,wash,edge,dear,,,,,,,,word,nonword,nonword,nonword,nonword,word,word,word,,,,,,,,50,10,150,30,130,140,100,,,,,,,,,160,150,110,150,170,110,80,,,,,,,,,10.0,130.0,,,,,,,,,,,,,,,,,,,,,,,,,,,,,,,,,,,,,,,,,,,,,
206,s999,7,160,12,top,,,,dot,pime,creef,gulk,rould,kid,frame,left,swuibs,cang,troused,shroofs,,,,word,nonword,nonword,nonword,nonword,word,word,word,nonword,nonword,nonword,nonword,,,,20,80,40,100,140,140,30,70,70,80,160,,,,,70,60,100,130,80,110,170,60,80,110,30,,,,,50.0,10.0,,,,,,,,,,,,,,,,,,,,,,,,,,,,,,,,,,,,,,,,,,,,,
207,s999,7,60,15,top,,,,race,call,brupe,pilk,feth,male,text,floor,pound,sweet,bleck,fat,own,trabe,crown,word,word,nonword,nonword,nonword,word,word,word,word,word,nonword,word,word,nonword,word,140,20,120,10,150,160,130,20,160,140,130,110,120,60,,160,50,70,110,20,120,140,10,170,170,140,170,10,40,,40.0,140.0,,,,,,,,,,,,,,,,,,,,,,,,,,,,,,,,,,,,,,,,,,,,,
208,s999,7,130,11,top,,,,roud,top,pror,cruel,dran,art,mind,worm,preel,cope,bang,,,,,nonword,word,nonword,word,nonword,word,word,word,nonword,word,word,,,,,120,80,40,10,50,100,60,170,150,130,,,,,,10,10,30,70,160,60,120,40,140,30,,,,,,150.0,50.0,,,,,,,,,,,,,,,,,,,,,,,,,,,,,,,,,,,,,,,,,,,,,
209,s999,7,10,13,bot,,,,tense,choir,paunt,thoke,bear,saf,rein,woft,coach,gentle,grogues,both,song,,,word,word,nonword,nonword,word,nonword,word,nonword,word,word,nonword,word,word,,,150,160,170,50,80,130,20,70,120,60,70,30,,,,20,20,30,100,120,100,40,170,150,40,60,10,,,,120.0,140.0,,,,,,,,,,,,,,,,,,,,,,,,,,,,,,,,,,,,,,,,,,,,,
210,s999,7,40,2,bot,,,,prin,zipe,,,,,,,,,,,,,,nonword,nonword,,,,,,,,,,,,,,150,,,,,,,,,,,,,,,40,,,,,,,,,,,,,,,130.0,80.0,,,,,,,,,,,,,,,,,,,,,,,,,,,,,,,,,,,,,,,,,,,,,
211,s999,7,30,2,bot,,,,riz,snan,,,,,,,,,,,,,,nonword,nonword,,,,,,,,,,,,,,160,,,,,,,,,,,,,,,30,,,,,,,,,,,,,,,150.0,130.0,,,,,,,,,,,,,,,,,,,,,,,,,,,,,,,,,,,,,,,,,,,,,
212,s999,7,150,15,top,,,,shop,klest,dome,main,dag,watch,task,tond,cash,lish,clet,pleep,lie,bev,trend,word,nonword,word,word,nonword,word,word,nonword,word,nonword,nonword,nonword,word,nonword,word,50,50,100,100,20,160,170,20,80,50,80,70,40,150,,100,110,130,10,50,40,40,20,80,70,80,70,110,160,,160.0,80.0,,,,,,,,,,,,,,,,,,,,,,,,,,,,,,,,,,,,,,,,,,,,,
213,s999,7,30,5,bot,,,,swoke,wome,gox,bet,shrafe,,,,,,,,,,,nonword,nonword,nonword,word,nonword,,,,,,,,,,,50,10,40,20,,,,,,,,,,,,80,150,110,30,,,,,,,,,,,,50.0,150.0,,,,,,,,,,,,,,,,,,,,,,,,,,,,,,,,,,,,,,,,,,,,,
214,s999,7,10,9,bot,,,,crongs,neem,gume,deev,veest,small,phote,oil,week,,,,,,,nonword,nonword,nonword,nonword,nonword,word,nonword,word,word,,,,,,,130,150,30,40,70,70,140,120,,,,,,,,60,140,170,130,100,80,100,10,,,,,,,,160.0,120.0,,,,,,,,,,,,,,,,,,,,,,,,,,,,,,,,,,,,,,,,,,,,,
215,s999,7,80,11,bot,,,,speech,breer,free,prerks,nal,real,traze,wobe,pret,dense,whek,,,,,word,nonword,word,nonword,nonword,word,nonword,nonword,nonword,word,nonword,,,,,170,40,170,100,120,10,20,100,30,60,,,,,,110,170,40,160,60,140,50,50,20,80,,,,,,120.0,140.0,,,,,,,,,,,,,,,,,,,,,,,,,,,,,,,,,,,,,,,,,,,,,
216,s999,7,170,13,top,,,,roke,thrawped,brief,gift,dust,coad,wave,lase,brume,blonde,will,fraud,two,,,nonword,nonword,word,word,word,nonword,word,nonword,nonword,word,word,word,word,,,40,70,140,40,80,110,20,160,10,150,70,170,,,,110,30,100,100,70,150,20,30,140,40,60,20,,,,110.0,70.0,,,,,,,,,,,,,,,,,,,,,,,,,,,,,,,,,,,,,,,,,,,,,
217,s999,7,150,9,top,,,,shoot,thim,toof,gnebe,grape,prame,glape,gold,rale,,,,,,,word,nonword,nonword,nonword,word,nonword,nonword,word,nonword,,,,,,,140,60,10,140,10,100,160,150,,,,,,,,40,30,50,160,80,10,20,40,,,,,,,,10.0,20.0,,,,,,,,,,,,,,,,,,,,,,,,,,,,,,,,,,,,,,,,,,,,,
218,s999,7,110,14,top,,,,role,smoy,mild,club,battle,teach,sose,viff,wawl,skeeks,flood,cure,tead,mafe,,word,nonword,word,word,word,word,nonword,nonword,nonword,nonword,word,word,nonword,nonword,,160,130,100,170,40,160,70,40,30,120,70,10,110,,,150,130,20,50,120,10,50,170,70,170,140,60,40,,,140.0,50.0,,,,,,,,,,,,,,,,,,,,,,,,,,,,,,,,,,,,,,,,,,,,,
219,s999,7,70,14,top,,,,ming,peer,rich,mig,might,thraist,brave,back,mile,lims,velks,griv,paste,dance,,nonword,word,word,nonword,word,nonword,word,word,word,nonword,nonword,nonword,word,word,,60,110,100,30,40,30,130,20,150,40,130,100,70,,,60,30,160,20,20,130,100,140,130,130,50,110,120,,,20.0,50.0,,,,,,,,,,,,,,,,,,,,,,,,,,,,,,,,,,,,,,,,,,,,,
220,s999,7,140,12,bot,,,,theme,walk,preb,wrote,pids,nast,east,hop,sex,hort,nept,sheer,,,,word,word,nonword,word,nonword,nonword,word,word,word,nonword,nonword,word,,,,110,130,50,160,20,50,150,110,80,30,20,,,,,30,50,60,170,100,100,110,120,130,100,140,,,,,40.0,10.0,,,,,,,,,,,,,,,,,,,,,,,,,,,,,,,,,,,,,,,,,,,,,
221,s999,7,10,10,bot,,,,voice,block,sime,wef,vife,town,find,barsh,ligs,sut,,,,,,word,word,nonword,nonword,nonword,word,word,nonword,nonword,nonword,,,,,,50,20,160,70,160,50,30,40,80,,,,,,,40,20,80,130,110,110,150,80,10,,,,,,,110.0,30.0,,,,,,,,,,,,,,,,,,,,,,,,,,,,,,,,,,,,,,,,,,,,,
222,s999,7,70,2,bot,,,,purs,life,,,,,,,,,,,,,,nonword,word,,,,,,,,,,,,,,40,,,,,,,,,,,,,,,70,,,,,,,,,,,,,,,30.0,170.0,,,,,,,,,,,,,,,,,,,,,,,,,,,,,,,,,,,,,,,,,,,,,
223,s999,7,170,10,top,,,,firp,rit,det,plibe,zoose,grokk,ton,ret,stick,give,,,,,,nonword,nonword,nonword,nonword,nonword,nonword,word,nonword,word,word,,,,,,60,100,70,50,50,20,60,80,170,,,,,,,160,40,50,110,50,110,80,80,50,,,,,,,130.0,110.0,,,,,,,,,,,,,,,,,,,,,,,,,,,,,,,,,,,,,,,,,,,,,
224,s999,7,110,8,bot,,,,scotch,foot,foof,yape,praise,sense,nath,half,,,,,,,,word,word,nonword,nonword,word,word,nonword,word,,,,,,,,40,30,100,160,170,100,60,,,,,,,,,60,70,150,130,170,60,110,,,,,,,,,40.0,80.0,,,,,,,,,,,,,,,,,,,,,,,,,,,,,,,,,,,,,,,,,,,,,
225,s999,7,160,8,bot,,,,bize,yalled,short,science,pride,freeze,dream,snoined,,,,,,,,nonword,nonword,word,word,word,word,word,nonword,,,,,,,,130,30,70,10,40,30,70,,,,,,,,,150,120,110,40,100,40,160,,,,,,,,,130.0,60.0,,,,,,,,,,,,,,,,,,,,,,,,,,,,,,,,,,,,,,,,,,,,,
226,s999,8,20,1,top,,,,carp,,,,,,,,,,,,,,,word,,,,,,,,,,,,,,,,,,,,,,,,,,,,,,,,,,,,,,,,,,,,,,,,,,,,,,,,,,,,,,,,,,,,,,,,,,,,,,,,,,,,,,,,,,,
227,s999,8,130,1,bot,,,,scene,,,,,,,,,,,,,,,word,,,,,,,,,,,,,,,,,,,,,,,,,,,,,,,,,,,,,,,,,,,,,,,,,,,,,,,,,,,,,,,,,,,,,,,,,,,,,,,,,,,,,,,,,,,
228,s999,8,80,1,top,,,,dack,,,,,,,,,,,,,,,nonword,,,,,,,,,,,,,,,,,,,,,,,,,,,,,,,,,,,,,,,,,,,,,,,,,,,,,,,,,,,,,,,,,,,,,,,,,,,,,,,,,,,,,,,,,,,
229,s999,8,80,1,bot,,,,hive,,,,,,,,,,,,,,,word,,,,,,,,,,,,,,,,,,,,,,,,,,,,,,,,,,,,,,,,,,,,,,,,,,,,,,,,,,,,,,,,,,,,,,,,,,,,,,,,,,,,,,,,,,,
230,s999,8,100,1,top,,,,shig,,,,,,,,,,,,,,,nonword,,,,,,,,,,,,,,,,,,,,,,,,,,,,,,,,,,,,,,,,,,,,,,,,,,,,,,,,,,,,,,,,,,,,,,,,,,,,,,,,,,,,,,,,,,,
231,s999,8,40,1,bot,,,,vire,,,,,,,,,,,,,,,nonword,,,,,,,,,,,,,,,,,,,,,,,,,,,,,,,,,,,,,,,,,,,,,,,,,,,,,,,,,,,,,,,,,,,,,,,,,,,,,,,,,,,,,,,,,,,
232,s999,8,80,1,bot,,,,wiggle,,,,,,,,,,,,,,,word,,,,,,,,,,,,,,,,,,,,,,,,,,,,,,,,,,,,,,,,,,,,,,,,,,,,,,,,,,,,,,,,,,,,,,,,,,,,,,,,,,,,,,,,,,,
233,s999,8,50,1,top,,,,meal,,,,,,,,,,,,,,,word,,,,,,,,,,,,,,,,,,,,,,,,,,,,,,,,,,,,,,,,,,,,,,,,,,,,,,,,,,,,,,,,,,,,,,,,,,,,,,,,,,,,,,,,,,,
234,s999,8,30,1,top,,,,fraw,,,,,,,,,,,,,,,nonword,,,,,,,,,,,,,,,,,,,,,,,,,,,,,,,,,,,,,,,,,,,,,,,,,,,,,,,,,,,,,,,,,,,,,,,,,,,,,,,,,,,,,,,,,,,
235,s999,8,140,1,bot,,,,rish,,,,,,,,,,,,,,,nonword,,,,,,,,,,,,,,,,,,,,,,,,,,,,,,,,,,,,,,,,,,,,,,,,,,,,,,,,,,,,,,,,,,,,,,,,,,,,,,,,,,,,,,,,,,,
236,s999,8,160,1,top,,,,nish,,,,,,,,,,,,,,,nonword,,,,,,,,,,,,,,,,,,,,,,,,,,,,,,,,,,,,,,,,,,,,,,,,,,,,,,,,,,,,,,,,,,,,,,,,,,,,,,,,,,,,,,,,,,,
237,s999,8,120,1,top,,,,ploot,,,,,,,,,,,,,,,nonword,,,,,,,,,,,,,,,,,,,,,,,,,,,,,,,,,,,,,,,,,,,,,,,,,,,,,,,,,,,,,,,,,,,,,,,,,,,,,,,,,,,,,,,,,,,
238,s999,8,100,1,top,,,,gilk,,,,,,,,,,,,,,,nonword,,,,,,,,,,,,,,,,,,,,,,,,,,,,,,,,,,,,,,,,,,,,,,,,,,,,,,,,,,,,,,,,,,,,,,,,,,,,,,,,,,,,,,,,,,,
239,s999,8,140,1,bot,,,,sand,,,,,,,,,,,,,,,word,,,,,,,,,,,,,,,,,,,,,,,,,,,,,,,,,,,,,,,,,,,,,,,,,,,,,,,,,,,,,,,,,,,,,,,,,,,,,,,,,,,,,,,,,,,
240,s999,8,40,1,bot,,,,self,,,,,,,,,,,,,,,word,,,,,,,,,,,,,,,,,,,,,,,,,,,,,,,,,,,,,,,,,,,,,,,,,,,,,,,,,,,,,,,,,,,,,,,,,,,,,,,,,,,,,,,,,,,
241,s999,8,30,1,top,,,,shape,,,,,,,,,,,,,,,word,,,,,,,,,,,,,,,,,,,,,,,,,,,,,,,,,,,,,,,,,,,,,,,,,,,,,,,,,,,,,,,,,,,,,,,,,,,,,,,,,,,,,,,,,,,
242,s999,8,160,1,top,,,,vrofe,,,,,,,,,,,,,,,nonword,,,,,,,,,,,,,,,,,,,,,,,,,,,,,,,,,,,,,,,,,,,,,,,,,,,,,,,,,,,,,,,,,,,,,,,,,,,,,,,,,,,,,,,,,,,
243,s999,8,110,1,bot,,,,gret,,,,,,,,,,,,,,,nonword,,,,,,,,,,,,,,,,,,,,,,,,,,,,,,,,,,,,,,,,,,,,,,,,,,,,,,,,,,,,,,,,,,,,,,,,,,,,,,,,,,,,,,,,,,,
244,s999,8,50,1,top,,,,sude,,,,,,,,,,,,,,,nonword,,,,,,,,,,,,,,,,,,,,,,,,,,,,,,,,,,,,,,,,,,,,,,,,,,,,,,,,,,,,,,,,,,,,,,,,,,,,,,,,,,,,,,,,,,,
245,s999,8,60,1,top,,,,gax,,,,,,,,,,,,,,,nonword,,,,,,,,,,,,,,,,,,,,,,,,,,,,,,,,,,,,,,,,,,,,,,,,,,,,,,,,,,,,,,,,,,,,,,,,,,,,,,,,,,,,,,,,,,,
246,s999,8,80,1,bot,,,,loog,,,,,,,,,,,,,,,nonword,,,,,,,,,,,,,,,,,,,,,,,,,,,,,,,,,,,,,,,,,,,,,,,,,,,,,,,,,,,,,,,,,,,,,,,,,,,,,,,,,,,,,,,,,,,
247,s999,8,50,1,top,,,,kat,,,,,,,,,,,,,,,nonword,,,,,,,,,,,,,,,,,,,,,,,,,,,,,,,,,,,,,,,,,,,,,,,,,,,,,,,,,,,,,,,,,,,,,,,,,,,,,,,,,,,,,,,,,,,
248,s999,8,30,1,bot,,,,death,,,,,,,,,,,,,,,word,,,,,,,,,,,,,,,,,,,,,,,,,,,,,,,,,,,,,,,,,,,,,,,,,,,,,,,,,,,,,,,,,,,,,,,,,,,,,,,,,,,,,,,,,,,
249,s999,8,170,1,bot,,,,dep,,,,,,,,,,,,,,,nonword,,,,,,,,,,,,,,,,,,,,,,,,,,,,,,,,,,,,,,,,,,,,,,,,,,,,,,,,,,,,,,,,,,,,,,,,,,,,,,,,,,,,,,,,,,,
250,s999,8,70,1,bot,,,,poc,,,,,,,,,,,,,,,nonword,,,,,,,,,,,,,,,,,,,,,,,,,,,,,,,,,,,,,,,,,,,,,,,,,,,,,,,,,,,,,,,,,,,,,,,,,,,,,,,,,,,,,,,,,,,
251,s999,8,160,1,top,,,,spranc,,,,,,,,,,,,,,,nonword,,,,,,,,,,,,,,,,,,,,,,,,,,,,,,,,,,,,,,,,,,,,,,,,,,,,,,,,,,,,,,,,,,,,,,,,,,,,,,,,,,,,,,,,,,,
252,s999,8,20,1,bot,,,,rice,,,,,,,,,,,,,,,word,,,,,,,,,,,,,,,,,,,,,,,,,,,,,,,,,,,,,,,,,,,,,,,,,,,,,,,,,,,,,,,,,,,,,,,,,,,,,,,,,,,,,,,,,,,
253,s999,8,60,1,bot,,,,yit,,,,,,,,,,,,,,,nonword,,,,,,,,,,,,,,,,,,,,,,,,,,,,,,,,,,,,,,,,,,,,,,,,,,,,,,,,,,,,,,,,,,,,,,,,,,,,,,,,,,,,,,,,,,,
254,s999,8,110,1,top,,,,quap,,,,,,,,,,,,,,,nonword,,,,,,,,,,,,,,,,,,,,,,,,,,,,,,,,,,,,,,,,,,,,,,,,,,,,,,,,,,,,,,,,,,,,,,,,,,,,,,,,,,,,,,,,,,,
255,s999,8,20,1,top,,,,soan,,,,,,,,,,,,,,,nonword,,,,,,,,,,,,,,,,,,,,,,,,,,,,,,,,,,,,,,,,,,,,,,,,,,,,,,,,,,,,,,,,,,,,,,,,,,,,,,,,,,,,,,,,,,,
256,s999,8,50,1,top,,,,lung,,,,,,,,,,,,,,,word,,,,,,,,,,,,,,,,,,,,,,,,,,,,,,,,,,,,,,,,,,,,,,,,,,,,,,,,,,,,,,,,,,,,,,,,,,,,,,,,,,,,,,,,,,,
257,s999,8,60,1,top,,,,strouthed,,,,,,,,,,,,,,,nonword,,,,,,,,,,,,,,,,,,,,,,,,,,,,,,,,,,,,,,,,,,,,,,,,,,,,,,,,,,,,,,,,,,,,,,,,,,,,,,,,,,,,,,,,,,,
258,s999,8,20,1,top,,,,rock,,,,,,,,,,,,,,,word,,,,,,,,,,,,,,,,,,,,,,,,,,,,,,,,,,,,,,,,,,,,,,,,,,,,,,,,,,,,,,,,,,,,,,,,,,,,,,,,,,,,,,,,,,,
259,s999,8,50,1,top,,,,gove,,,,,,,,,,,,,,,nonword,,,,,,,,,,,,,,,,,,,,,,,,,,,,,,,,,,,,,,,,,,,,,,,,,,,,,,,,,,,,,,,,,,,,,,,,,,,,,,,,,,,,,,,,,,,
260,s999,8,140,1,bot,,,,smoals,,,,,,,,,,,,,,,nonword,,,,,,,,,,,,,,,,,,,,,,,,,,,,,,,,,,,,,,,,,,,,,,,,,,,,,,,,,,,,,,,,,,,,,,,,,,,,,,,,,,,,,,,,,,,
261,s999,8,120,1,top,,,,rare,,,,,,,,,,,,,,,word,,,,,,,,,,,,,,,,,,,,,,,,,,,,,,,,,,,,,,,,,,,,,,,,,,,,,,,,,,,,,,,,,,,,,,,,,,,,,,,,,,,,,,,,,,,
262,s999,8,30,1,top,,,,skreed,,,,,,,,,,,,,,,nonword,,,,,,,,,,,,,,,,,,,,,,,,,,,,,,,,,,,,,,,,,,,,,,,,,,,,,,,,,,,,,,,,,,,,,,,,,,,,,,,,,,,,,,,,,,,
263,s999,8,20,1,top,,,,voot,,,,,,,,,,,,,,,nonword,,,,,,,,,,,,,,,,,,,,,,,,,,,,,,,,,,,,,,,,,,,,,,,,,,,,,,,,,,,,,,,,,,,,,,,,,,,,,,,,,,,,,,,,,,,
264,s999,8,60,1,top,,,,phrase,,,,,,,,,,,,,,,word,,,,,,,,,,,,,,,,,,,,,,,,,,,,,,,,,,,,,,,,,,,,,,,,,,,,,,,,,,,,,,,,,,,,,,,,,,,,,,,,,,,,,,,,,,,
265,s999,8,10,1,bot,,,,span,,,,,,,,,,,,,,,word,,,,,,,,,,,,,,,,,,,,,,,,,,,,,,,,,,,,,,,,,,,,,,,,,,,,,,,,,,,,,,,,,,,,,,,,,,,,,,,,,,,,,,,,,,,
266,s999,8,20,1,top,,,,tofe,,,,,,,,,,,,,,,nonword,,,,,,,,,,,,,,,,,,,,,,,,,,,,,,,,,,,,,,,,,,,,,,,,,,,,,,,,,,,,,,,,,,,,,,,,,,,,,,,,,,,,,,,,,,,
267,s999,8,20,1,top,,,,straw,,,,,,,,,,,,,,,word,,,,,,,,,,,,,,,,,,,,,,,,,,,,,,,,,,,,,,,,,,,,,,,,,,,,,,,,,,,,,,,,,,,,,,,,,,,,,,,,,,,,,,,,,,,
268,s999,8,160,1,bot,,,,klife,,,,,,,,,,,,,,,nonword,,,,,,,,,,,,,,,,,,,,,,,,,,,,,,,,,,,,,,,,,,,,,,,,,,,,,,,,,,,,,,,,,,,,,,,,,,,,,,,,,,,,,,,,,,,
269,s999,8,170,1,top,,,,swim,,,,,,,,,,,,,,,word,,,,,,,,,,,,,,,,,,,,,,,,,,,,,,,,,,,,,,,,,,,,,,,,,,,,,,,,,,,,,,,,,,,,,,,,,,,,,,,,,,,,,,,,,,,
270,s999,8,50,1,bot,,,,youth,,,,,,,,,,,,,,,word,,,,,,,,,,,,,,,,,,,,,,,,,,,,,,,,,,,,,,,,,,,,,,,,,,,,,,,,,,,,,,,,,,,,,,,,,,,,,,,,,,,,,,,,,,,
271,s999,8,40,1,top,,,,ipe,,,,,,,,,,,,,,,nonword,,,,,,,,,,,,,,,,,,,,,,,,,,,,,,,,,,,,,,,,,,,,,,,,,,,,,,,,,,,,,,,,,,,,,,,,,,,,,,,,,,,,,,,,,,,
272,s999,8,130,1,top,,,,hog,,,,,,,,,,,,,,,word,,,,,,,,,,,,,,,,,,,,,,,,,,,,,,,,,,,,,,,,,,,,,,,,,,,,,,,,,,,,,,,,,,,,,,,,,,,,,,,,,,,,,,,,,,,
273,s999,8,140,1,bot,,,,dev,,,,,,,,,,,,,,,nonword,,,,,,,,,,,,,,,,,,,,,,,,,,,,,,,,,,,,,,,,,,,,,,,,,,,,,,,,,,,,,,,,,,,,,,,,,,,,,,,,,,,,,,,,,,,
274,s999,8,160,1,bot,,,,cut,,,,,,,,,,,,,,,word,,,,,,,,,,,,,,,,,,,,,,,,,,,,,,,,,,,,,,,,,,,,,,,,,,,,,,,,,,,,,,,,,,,,,,,,,,,,,,,,,,,,,,,,,,,
275,s999,8,170,1,top,,,,light,,,,,,,,,,,,,,,word,,,,,,,,,,,,,,,,,,,,,,,,,,,,,,,,,,,,,,,,,,,,,,,,,,,,,,,,,,,,,,,,,,,,,,,,,,,,,,,,,,,,,,,,,,,
276,s999,8,60,1,bot,,,,prake,,,,,,,,,,,,,,,nonword,,,,,,,,,,,,,,,,,,,,,,,,,,,,,,,,,,,,,,,,,,,,,,,,,,,,,,,,,,,,,,,,,,,,,,,,,,,,,,,,,,,,,,,,,,,
277,s999,8,170,1,top,,,,pams,,,,,,,,,,,,,,,nonword,,,,,,,,,,,,,,,,,,,,,,,,,,,,,,,,,,,,,,,,,,,,,,,,,,,,,,,,,,,,,,,,,,,,,,,,,,,,,,,,,,,,,,,,,,,
278,s999,8,20,1,top,,,,dread,,,,,,,,,,,,,,,word,,,,,,,,,,,,,,,,,,,,,,,,,,,,,,,,,,,,,,,,,,,,,,,,,,,,,,,,,,,,,,,,,,,,,,,,,,,,,,,,,,,,,,,,,,,
279,s999,8,80,1,bot,,,,teeth,,,,,,,,,,,,,,,word,,,,,,,,,,,,,,,,,,,,,,,,,,,,,,,,,,,,,,,,,,,,,,,,,,,,,,,,,,,,,,,,,,,,,,,,,,,,,,,,,,,,,,,,,,,
280,s999,8,130,1,bot,,,,freel,,,,,,,,,,,,,,,nonword,,,,,,,,,,,,,,,,,,,,,,,,,,,,,,,,,,,,,,,,,,,,,,,,,,,,,,,,,,,,,,,,,,,,,,,,,,,,,,,,,,,,,,,,,,,
281,s999,8,10,1,top,,,,cule,,,,,,,,,,,,,,,nonword,,,,,,,,,,,,,,,,,,,,,,,,,,,,,,,,,,,,,,,,,,,,,,,,,,,,,,,,,,,,,,,,,,,,,,,,,,,,,,,,,,,,,,,,,,,
282,s999,8,150,1,bot,,,,hand,,,,,,,,,,,,,,,word,,,,,,,,,,,,,,,,,,,,,,,,,,,,,,,,,,,,,,,,,,,,,,,,,,,,,,,,,,,,,,,,,,,,,,,,,,,,,,,,,,,,,,,,,,,
283,s999,8,150,1,top,,,,misk ,,,,,,,,,,,,,,,nonword,,,,,,,,,,,,,,,,,,,,,,,,,,,,,,,,,,,,,,,,,,,,,,,,,,,,,,,,,,,,,,,,,,,,,,,,,,,,,,,,,,,,,,,,,,,
284,s999,8,130,1,bot,,,,soad,,,,,,,,,,,,,,,nonword,,,,,,,,,,,,,,,,,,,,,,,,,,,,,,,,,,,,,,,,,,,,,,,,,,,,,,,,,,,,,,,,,,,,,,,,,,,,,,,,,,,,,,,,,,,
285,s999,8,40,1,top,,,,tell,,,,,,,,,,,,,,,word,,,,,,,,,,,,,,,,,,,,,,,,,,,,,,,,,,,,,,,,,,,,,,,,,,,,,,,,,,,,,,,,,,,,,,,,,,,,,,,,,,,,,,,,,,,
286,s999,8,10,1,bot,,,,forth,,,,,,,,,,,,,,,word,,,,,,,,,,,,,,,,,,,,,,,,,,,,,,,,,,,,,,,,,,,,,,,,,,,,,,,,,,,,,,,,,,,,,,,,,,,,,,,,,,,,,,,,,,,
287,s999,8,70,1,bot,,,,jome,,,,,,,,,,,,,,,nonword,,,,,,,,,,,,,,,,,,,,,,,,,,,,,,,,,,,,,,,,,,,,,,,,,,,,,,,,,,,,,,,,,,,,,,,,,,,,,,,,,,,,,,,,,,,
288,s999,8,10,1,bot,,,,femk,,,,,,,,,,,,,,,nonword,,,,,,,,,,,,,,,,,,,,,,,,,,,,,,,,,,,,,,,,,,,,,,,,,,,,,,,,,,,,,,,,,,,,,,,,,,,,,,,,,,,,,,,,,,,
289,s999,8,170,1,bot,,,,kib,,,,,,,,,,,,,,,nonword,,,,,,,,,,,,,,,,,,,,,,,,,,,,,,,,,,,,,,,,,,,,,,,,,,,,,,,,,,,,,,,,,,,,,,,,,,,,,,,,,,,,,,,,,,,
290,s999,8,60,1,top,,,,grade,,,,,,,,,,,,,,,word,,,,,,,,,,,,,,,,,,,,,,,,,,,,,,,,,,,,,,,,,,,,,,,,,,,,,,,,,,,,,,,,,,,,,,,,,,,,,,,,,,,,,,,,,,,
291,s999,8,30,1,bot,,,,paff,,,,,,,,,,,,,,,nonword,,,,,,,,,,,,,,,,,,,,,,,,,,,,,,,,,,,,,,,,,,,,,,,,,,,,,,,,,,,,,,,,,,,,,,,,,,,,,,,,,,,,,,,,,,,
292,s999,8,170,1,top,,,,hule,,,,,,,,,,,,,,,nonword,,,,,,,,,,,,,,,,,,,,,,,,,,,,,,,,,,,,,,,,,,,,,,,,,,,,,,,,,,,,,,,,,,,,,,,,,,,,,,,,,,,,,,,,,,,
293,s999,8,130,1,bot,,,,sef,,,,,,,,,,,,,,,nonword,,,,,,,,,,,,,,,,,,,,,,,,,,,,,,,,,,,,,,,,,,,,,,,,,,,,,,,,,,,,,,,,,,,,,,,,,,,,,,,,,,,,,,,,,,,
294,s999,8,20,1,bot,,,,grik,,,,,,,,,,,,,,,nonword,,,,,,,,,,,,,,,,,,,,,,,,,,,,,,,,,,,,,,,,,,,,,,,,,,,,,,,,,,,,,,,,,,,,,,,,,,,,,,,,,,,,,,,,,,,
295,s999,8,10,1,top,,,,naj,,,,,,,,,,,,,,,nonword,,,,,,,,,,,,,,,,,,,,,,,,,,,,,,,,,,,,,,,,,,,,,,,,,,,,,,,,,,,,,,,,,,,,,,,,,,,,,,,,,,,,,,,,,,,
296,s999,8,160,1,bot,,,,smart,,,,,,,,,,,,,,,word,,,,,,,,,,,,,,,,,,,,,,,,,,,,,,,,,,,,,,,,,,,,,,,,,,,,,,,,,,,,,,,,,,,,,,,,,,,,,,,,,,,,,,,,,,,
297,s999,8,30,1,bot,,,,lad,,,,,,,,,,,,,,,word,,,,,,,,,,,,,,,,,,,,,,,,,,,,,,,,,,,,,,,,,,,,,,,,,,,,,,,,,,,,,,,,,,,,,,,,,,,,,,,,,,,,,,,,,,,
298,s999,8,170,1,bot,,,,drain,,,,,,,,,,,,,,,word,,,,,,,,,,,,,,,,,,,,,,,,,,,,,,,,,,,,,,,,,,,,,,,,,,,,,,,,,,,,,,,,,,,,,,,,,,,,,,,,,,,,,,,,,,,
299,s999,8,10,1,top,,,,wid,,,,,,,,,,,,,,,nonword,,,,,,,,,,,,,,,,,,,,,,,,,,,,,,,,,,,,,,,,,,,,,,,,,,,,,,,,,,,,,,,,,,,,,,,,,,,,,,,,,,,,,,,,,,,
300,s999,8,130,1,bot,,,,once,,,,,,,,,,,,,,,word,,,,,,,,,,,,,,,,,,,,,,,,,,,,,,,,,,,,,,,,,,,,,,,,,,,,,,,,,,,,,,,,,,,,,,,,,,,,,,,,,,,,,,,,,,,
301,s999,8,170,1,bot,,,,treat,,,,,,,,,,,,,,,word,,,,,,,,,,,,,,,,,,,,,,,,,,,,,,,,,,,,,,,,,,,,,,,,,,,,,,,,,,,,,,,,,,,,,,,,,,,,,,,,,,,,,,,,,,,
302,s999,8,80,1,bot,,,,round,,,,,,,,,,,,,,,word,,,,,,,,,,,,,,,,,,,,,,,,,,,,,,,,,,,,,,,,,,,,,,,,,,,,,,,,,,,,,,,,,,,,,,,,,,,,,,,,,,,,,,,,,,,
303,s999,8,160,1,bot,,,,pick,,,,,,,,,,,,,,,word,,,,,,,,,,,,,,,,,,,,,,,,,,,,,,,,,,,,,,,,,,,,,,,,,,,,,,,,,,,,,,,,,,,,,,,,,,,,,,,,,,,,,,,,,,,
304,s999,8,40,1,top,,,,chup,,,,,,,,,,,,,,,nonword,,,,,,,,,,,,,,,,,,,,,,,,,,,,,,,,,,,,,,,,,,,,,,,,,,,,,,,,,,,,,,,,,,,,,,,,,,,,,,,,,,,,,,,,,,,
305,s999,8,170,1,top,,,,die,,,,,,,,,,,,,,,word,,,,,,,,,,,,,,,,,,,,,,,,,,,,,,,,,,,,,,,,,,,,,,,,,,,,,,,,,,,,,,,,,,,,,,,,,,,,,,,,,,,,,,,,,,,
306,s999,8,160,1,bot,,,,gwab,,,,,,,,,,,,,,,nonword,,,,,,,,,,,,,,,,,,,,,,,,,,,,,,,,,,,,,,,,,,,,,,,,,,,,,,,,,,,,,,,,,,,,,,,,,,,,,,,,,,,,,,,,,,,
307,s999,8,150,1,bot,,,,crirrs,,,,,,,,,,,,,,,nonword,,,,,,,,,,,,,,,,,,,,,,,,,,,,,,,,,,,,,,,,,,,,,,,,,,,,,,,,,,,,,,,,,,,,,,,,,,,,,,,,,,,,,,,,,,,
308,s999,8,160,1,bot,,,,mark,,,,,,,,,,,,,,,word,,,,,,,,,,,,,,,,,,,,,,,,,,,,,,,,,,,,,,,,,,,,,,,,,,,,,,,,,,,,,,,,,,,,,,,,,,,,,,,,,,,,,,,,,,,
309,s999,8,110,1,bot,,,,slept,,,,,,,,,,,,,,,word,,,,,,,,,,,,,,,,,,,,,,,,,,,,,,,,,,,,,,,,,,,,,,,,,,,,,,,,,,,,,,,,,,,,,,,,,,,,,,,,,,,,,,,,,,,
310,s999,8,80,1,top,,,,luck,,,,,,,,,,,,,,,word,,,,,,,,,,,,,,,,,,,,,,,,,,,,,,,,,,,,,,,,,,,,,,,,,,,,,,,,,,,,,,,,,,,,,,,,,,,,,,,,,,,,,,,,,,,
311,s999,8,160,1,top,,,,drim,,,,,,,,,,,,,,,nonword,,,,,,,,,,,,,,,,,,,,,,,,,,,,,,,,,,,,,,,,,,,,,,,,,,,,,,,,,,,,,,,,,,,,,,,,,,,,,,,,,,,,,,,,,,,
312,s999,8,70,1,bot,,,,proud,,,,,,,,,,,,,,,word,,,,,,,,,,,,,,,,,,,,,,,,,,,,,,,,,,,,,,,,,,,,,,,,,,,,,,,,,,,,,,,,,,,,,,,,,,,,,,,,,,,,,,,,,,,
313,s999,8,40,1,top,,,,rate,,,,,,,,,,,,,,,word,,,,,,,,,,,,,,,,,,,,,,,,,,,,,,,,,,,,,,,,,,,,,,,,,,,,,,,,,,,,,,,,,,,,,,,,,,,,,,,,,,,,,,,,,,,
314,s999,8,30,1,bot,,,,crush,,,,,,,,,,,,,,,word,,,,,,,,,,,,,,,,,,,,,,,,,,,,,,,,,,,,,,,,,,,,,,,,,,,,,,,,,,,,,,,,,,,,,,,,,,,,,,,,,,,,,,,,,,,
315,s999,8,100,1,top,,,,coarse,,,,,,,,,,,,,,,word,,,,,,,,,,,,,,,,,,,,,,,,,,,,,,,,,,,,,,,,,,,,,,,,,,,,,,,,,,,,,,,,,,,,,,,,,,,,,,,,,,,,,,,,,,,
316,s999,8,40,1,bot,,,,length,,,,,,,,,,,,,,,word,,,,,,,,,,,,,,,,,,,,,,,,,,,,,,,,,,,,,,,,,,,,,,,,,,,,,,,,,,,,,,,,,,,,,,,,,,,,,,,,,,,,,,,,,,,
317,s999,8,170,1,top,,,,tear,,,,,,,,,,,,,,,word,,,,,,,,,,,,,,,,,,,,,,,,,,,,,,,,,,,,,,,,,,,,,,,,,,,,,,,,,,,,,,,,,,,,,,,,,,,,,,,,,,,,,,,,,,,
318,s999,8,10,1,top,,,,creen,,,,,,,,,,,,,,,nonword,,,,,,,,,,,,,,,,,,,,,,,,,,,,,,,,,,,,,,,,,,,,,,,,,,,,,,,,,,,,,,,,,,,,,,,,,,,,,,,,,,,,,,,,,,,
319,s999,8,140,1,bot,,,,splims,,,,,,,,,,,,,,,nonword,,,,,,,,,,,,,,,,,,,,,,,,,,,,,,,,,,,,,,,,,,,,,,,,,,,,,,,,,,,,,,,,,,,,,,,,,,,,,,,,,,,,,,,,,,,
320,s999,8,110,1,top,,,,gas,,,,,,,,,,,,,,,word,,,,,,,,,,,,,,,,,,,,,,,,,,,,,,,,,,,,,,,,,,,,,,,,,,,,,,,,,,,,,,,,,,,,,,,,,,,,,,,,,,,,,,,,,,,
321,s999,8,100,1,bot,,,,may,,,,,,,,,,,,,,,word,,,,,,,,,,,,,,,,,,,,,,,,,,,,,,,,,,,,,,,,,,,,,,,,,,,,,,,,,,,,,,,,,,,,,,,,,,,,,,,,,,,,,,,,,,,
322,s999,8,20,1,bot,,,,cuv,,,,,,,,,,,,,,,nonword,,,,,,,,,,,,,,,,,,,,,,,,,,,,,,,,,,,,,,,,,,,,,,,,,,,,,,,,,,,,,,,,,,,,,,,,,,,,,,,,,,,,,,,,,,,
323,s999,8,50,1,top,,,,most,,,,,,,,,,,,,,,word,,,,,,,,,,,,,,,,,,,,,,,,,,,,,,,,,,,,,,,,,,,,,,,,,,,,,,,,,,,,,,,,,,,,,,,,,,,,,,,,,,,,,,,,,,,
324,s999,8,30,1,bot,,,,greep,,,,,,,,,,,,,,,nonword,,,,,,,,,,,,,,,,,,,,,,,,,,,,,,,,,,,,,,,,,,,,,,,,,,,,,,,,,,,,,,,,,,,,,,,,,,,,,,,,,,,,,,,,,,,
325,s999,8,30,1,bot,,,,lock,,,,,,,,,,,,,,,word,,,,,,,,,,,,,,,,,,,,,,,,,,,,,,,,,,,,,,,,,,,,,,,,,,,,,,,,,,,,,,,,,,,,,,,,,,,,,,,,,,,,,,,,,,,
326,s999,8,70,1,top,,,,frub,,,,,,,,,,,,,,,nonword,,,,,,,,,,,,,,,,,,,,,,,,,,,,,,,,,,,,,,,,,,,,,,,,,,,,,,,,,,,,,,,,,,,,,,,,,,,,,,,,,,,,,,,,,,,
327,s999,8,160,1,bot,,,,spoke,,,,,,,,,,,,,,,word,,,,,,,,,,,,,,,,,,,,,,,,,,,,,,,,,,,,,,,,,,,,,,,,,,,,,,,,,,,,,,,,,,,,,,,,,,,,,,,,,,,,,,,,,,,
328,s999,8,120,1,top,,,,screep,,,,,,,,,,,,,,,nonword,,,,,,,,,,,,,,,,,,,,,,,,,,,,,,,,,,,,,,,,,,,,,,,,,,,,,,,,,,,,,,,,,,,,,,,,,,,,,,,,,,,,,,,,,,,
329,s999,8,130,1,top,,,,spell,,,,,,,,,,,,,,,word,,,,,,,,,,,,,,,,,,,,,,,,,,,,,,,,,,,,,,,,,,,,,,,,,,,,,,,,,,,,,,,,,,,,,,,,,,,,,,,,,,,,,,,,,,,
330,s999,8,70,1,bot,,,,shed,,,,,,,,,,,,,,,word,,,,,,,,,,,,,,,,,,,,,,,,,,,,,,,,,,,,,,,,,,,,,,,,,,,,,,,,,,,,,,,,,,,,,,,,,,,,,,,,,,,,,,,,,,,
331,s999,8,110,1,bot,,,,ship,,,,,,,,,,,,,,,word,,,,,,,,,,,,,,,,,,,,,,,,,,,,,,,,,,,,,,,,,,,,,,,,,,,,,,,,,,,,,,,,,,,,,,,,,,,,,,,,,,,,,,,,,,,
