,subj,block,targTheta,n_probes,probeTheta_loc,targOrNoTarg,acc,word0,word1,word2,word3,word4,word5,word6,word7,word8,word9,word10,word11,word12,word13,word14,word0_cond,word1_cond,word2_cond,word3_cond,word4_cond,word5_cond,word6_cond,word7_cond,word8_cond,word9_cond,word10_cond,word11_cond,word12_cond,word13_cond,word14_cond,topTheta1,topTheta2,topTheta3,topTheta4,topTheta5,topTheta6,topTheta7,topTheta8,topTheta9,topTheta10,topTheta11,topTheta12,topTheta13,topTheta14,topTheta15,botTheta1,botTheta2,botTheta3,botTheta4,botTheta5,botTheta6,botTheta7,botTheta8,botTheta9,botTheta10,botTheta11,botTheta12,botTheta13,botTheta14,botTheta15,topTheta0,botTheta0,respProbe0,rtProbe0,probe0_acc,respProbe1,rtProbe1,probe1_acc,respProbe2,rtProbe2,probe2_acc,respProbe3,rtProbe3,probe3_acc,respProbe4,rtProbe4,probe4_acc,respProbe5,rtProbe5,probe5_acc,respProbe6,rtProbe6,probe6_acc,respProbe7,rtProbe7,probe7_acc,respProbe8,rtProbe8,probe8_acc,respProbe9,rtProbe9,probe9_acc,respProbe10,rtProbe10,probe10_acc,respProbe11,rtProbe11,probe11_acc,respProbe12,rtProbe12,probe12_acc,respProbe13,rtProbe13,probe13_acc,respProbe14,rtProbe14,probe14_acc
0,debug,1,160,1,bot,,,mims,,,,,,,,,,,,,,,nonword,,,,,,,,,,,,,,,,,,,,,,,,,,,,,,,,,,,,,,,,,,,,,,,,,,,,,,,,,,,,,,,,,,,,,,,,,,,,,,,,,,,,,,,,,,,
1,debug,1,160,1,bot,,,pan,,,,,,,,,,,,,,,word,,,,,,,,,,,,,,,,,,,,,,,,,,,,,,,,,,,,,,,,,,,,,,,,,,,,,,,,,,,,,,,,,,,,,,,,,,,,,,,,,,,,,,,,,,,
2,debug,1,110,1,top,,,deev,,,,,,,,,,,,,,,nonword,,,,,,,,,,,,,,,,,,,,,,,,,,,,,,,,,,,,,,,,,,,,,,,,,,,,,,,,,,,,,,,,,,,,,,,,,,,,,,,,,,,,,,,,,,,
3,debug,1,150,1,bot,,,clue,,,,,,,,,,,,,,,word,,,,,,,,,,,,,,,,,,,,,,,,,,,,,,,,,,,,,,,,,,,,,,,,,,,,,,,,,,,,,,,,,,,,,,,,,,,,,,,,,,,,,,,,,,,
4,debug,1,130,1,top,,,cast,,,,,,,,,,,,,,,word,,,,,,,,,,,,,,,,,,,,,,,,,,,,,,,,,,,,,,,,,,,,,,,,,,,,,,,,,,,,,,,,,,,,,,,,,,,,,,,,,,,,,,,,,,,
5,debug,1,50,1,bot,,,spare,,,,,,,,,,,,,,,word,,,,,,,,,,,,,,,,,,,,,,,,,,,,,,,,,,,,,,,,,,,,,,,,,,,,,,,,,,,,,,,,,,,,,,,,,,,,,,,,,,,,,,,,,,,
6,debug,1,130,1,top,,,bible,,,,,,,,,,,,,,,word,,,,,,,,,,,,,,,,,,,,,,,,,,,,,,,,,,,,,,,,,,,,,,,,,,,,,,,,,,,,,,,,,,,,,,,,,,,,,,,,,,,,,,,,,,,
7,debug,1,110,1,top,,,troz,,,,,,,,,,,,,,,nonword,,,,,,,,,,,,,,,,,,,,,,,,,,,,,,,,,,,,,,,,,,,,,,,,,,,,,,,,,,,,,,,,,,,,,,,,,,,,,,,,,,,,,,,,,,,
8,debug,1,10,1,bot,,,huj,,,,,,,,,,,,,,,nonword,,,,,,,,,,,,,,,,,,,,,,,,,,,,,,,,,,,,,,,,,,,,,,,,,,,,,,,,,,,,,,,,,,,,,,,,,,,,,,,,,,,,,,,,,,,
9,debug,1,20,1,top,,,tig,,,,,,,,,,,,,,,nonword,,,,,,,,,,,,,,,,,,,,,,,,,,,,,,,,,,,,,,,,,,,,,,,,,,,,,,,,,,,,,,,,,,,,,,,,,,,,,,,,,,,,,,,,,,,
10,debug,1,120,1,bot,,,coap,,,,,,,,,,,,,,,nonword,,,,,,,,,,,,,,,,,,,,,,,,,,,,,,,,,,,,,,,,,,,,,,,,,,,,,,,,,,,,,,,,,,,,,,,,,,,,,,,,,,,,,,,,,,,
11,debug,1,170,1,top,,,yeer,,,,,,,,,,,,,,,nonword,,,,,,,,,,,,,,,,,,,,,,,,,,,,,,,,,,,,,,,,,,,,,,,,,,,,,,,,,,,,,,,,,,,,,,,,,,,,,,,,,,,,,,,,,,,
12,debug,1,70,1,bot,,,fibe,,,,,,,,,,,,,,,nonword,,,,,,,,,,,,,,,,,,,,,,,,,,,,,,,,,,,,,,,,,,,,,,,,,,,,,,,,,,,,,,,,,,,,,,,,,,,,,,,,,,,,,,,,,,,
13,debug,1,140,1,top,,,sell,,,,,,,,,,,,,,,word,,,,,,,,,,,,,,,,,,,,,,,,,,,,,,,,,,,,,,,,,,,,,,,,,,,,,,,,,,,,,,,,,,,,,,,,,,,,,,,,,,,,,,,,,,,
14,debug,1,20,1,bot,,,jup,,,,,,,,,,,,,,,nonword,,,,,,,,,,,,,,,,,,,,,,,,,,,,,,,,,,,,,,,,,,,,,,,,,,,,,,,,,,,,,,,,,,,,,,,,,,,,,,,,,,,,,,,,,,,
15,debug,1,20,1,top,,,jum,,,,,,,,,,,,,,,nonword,,,,,,,,,,,,,,,,,,,,,,,,,,,,,,,,,,,,,,,,,,,,,,,,,,,,,,,,,,,,,,,,,,,,,,,,,,,,,,,,,,,,,,,,,,,
16,debug,1,110,1,top,,,reign,,,,,,,,,,,,,,,word,,,,,,,,,,,,,,,,,,,,,,,,,,,,,,,,,,,,,,,,,,,,,,,,,,,,,,,,,,,,,,,,,,,,,,,,,,,,,,,,,,,,,,,,,,,
17,debug,1,50,1,bot,,,mooh,,,,,,,,,,,,,,,nonword,,,,,,,,,,,,,,,,,,,,,,,,,,,,,,,,,,,,,,,,,,,,,,,,,,,,,,,,,,,,,,,,,,,,,,,,,,,,,,,,,,,,,,,,,,,
18,debug,1,50,1,bot,,,need,,,,,,,,,,,,,,,word,,,,,,,,,,,,,,,,,,,,,,,,,,,,,,,,,,,,,,,,,,,,,,,,,,,,,,,,,,,,,,,,,,,,,,,,,,,,,,,,,,,,,,,,,,,
19,debug,1,120,1,bot,,,gick,,,,,,,,,,,,,,,nonword,,,,,,,,,,,,,,,,,,,,,,,,,,,,,,,,,,,,,,,,,,,,,,,,,,,,,,,,,,,,,,,,,,,,,,,,,,,,,,,,,,,,,,,,,,,
20,debug,1,100,1,bot,,,roop,,,,,,,,,,,,,,,nonword,,,,,,,,,,,,,,,,,,,,,,,,,,,,,,,,,,,,,,,,,,,,,,,,,,,,,,,,,,,,,,,,,,,,,,,,,,,,,,,,,,,,,,,,,,,
21,debug,1,60,1,bot,,,phine,,,,,,,,,,,,,,,nonword,,,,,,,,,,,,,,,,,,,,,,,,,,,,,,,,,,,,,,,,,,,,,,,,,,,,,,,,,,,,,,,,,,,,,,,,,,,,,,,,,,,,,,,,,,,
22,debug,1,50,1,top,,,place,,,,,,,,,,,,,,,word,,,,,,,,,,,,,,,,,,,,,,,,,,,,,,,,,,,,,,,,,,,,,,,,,,,,,,,,,,,,,,,,,,,,,,,,,,,,,,,,,,,,,,,,,,,
23,debug,1,10,1,top,,,yoge,,,,,,,,,,,,,,,nonword,,,,,,,,,,,,,,,,,,,,,,,,,,,,,,,,,,,,,,,,,,,,,,,,,,,,,,,,,,,,,,,,,,,,,,,,,,,,,,,,,,,,,,,,,,,
24,debug,1,120,1,bot,,,battle,,,,,,,,,,,,,,,word,,,,,,,,,,,,,,,,,,,,,,,,,,,,,,,,,,,,,,,,,,,,,,,,,,,,,,,,,,,,,,,,,,,,,,,,,,,,,,,,,,,,,,,,,,,
25,debug,1,30,1,bot,,,hing,,,,,,,,,,,,,,,nonword,,,,,,,,,,,,,,,,,,,,,,,,,,,,,,,,,,,,,,,,,,,,,,,,,,,,,,,,,,,,,,,,,,,,,,,,,,,,,,,,,,,,,,,,,,,
26,debug,1,60,1,top,,,tip,,,,,,,,,,,,,,,word,,,,,,,,,,,,,,,,,,,,,,,,,,,,,,,,,,,,,,,,,,,,,,,,,,,,,,,,,,,,,,,,,,,,,,,,,,,,,,,,,,,,,,,,,,,
27,debug,1,160,1,top,,,ploge,,,,,,,,,,,,,,,nonword,,,,,,,,,,,,,,,,,,,,,,,,,,,,,,,,,,,,,,,,,,,,,,,,,,,,,,,,,,,,,,,,,,,,,,,,,,,,,,,,,,,,,,,,,,,
28,debug,1,120,1,top,,,wame,,,,,,,,,,,,,,,nonword,,,,,,,,,,,,,,,,,,,,,,,,,,,,,,,,,,,,,,,,,,,,,,,,,,,,,,,,,,,,,,,,,,,,,,,,,,,,,,,,,,,,,,,,,,,
29,debug,1,140,1,bot,,,fine,,,,,,,,,,,,,,,word,,,,,,,,,,,,,,,,,,,,,,,,,,,,,,,,,,,,,,,,,,,,,,,,,,,,,,,,,,,,,,,,,,,,,,,,,,,,,,,,,,,,,,,,,,,
30,debug,1,10,1,top,,,air,,,,,,,,,,,,,,,word,,,,,,,,,,,,,,,,,,,,,,,,,,,,,,,,,,,,,,,,,,,,,,,,,,,,,,,,,,,,,,,,,,,,,,,,,,,,,,,,,,,,,,,,,,,
31,debug,1,30,1,bot,,,liss,,,,,,,,,,,,,,,nonword,,,,,,,,,,,,,,,,,,,,,,,,,,,,,,,,,,,,,,,,,,,,,,,,,,,,,,,,,,,,,,,,,,,,,,,,,,,,,,,,,,,,,,,,,,,
32,debug,1,20,1,top,,,war,,,,,,,,,,,,,,,word,,,,,,,,,,,,,,,,,,,,,,,,,,,,,,,,,,,,,,,,,,,,,,,,,,,,,,,,,,,,,,,,,,,,,,,,,,,,,,,,,,,,,,,,,,,
33,debug,1,60,1,bot,,,laid,,,,,,,,,,,,,,,word,,,,,,,,,,,,,,,,,,,,,,,,,,,,,,,,,,,,,,,,,,,,,,,,,,,,,,,,,,,,,,,,,,,,,,,,,,,,,,,,,,,,,,,,,,,
34,debug,1,50,1,top,,,franc,,,,,,,,,,,,,,,word,,,,,,,,,,,,,,,,,,,,,,,,,,,,,,,,,,,,,,,,,,,,,,,,,,,,,,,,,,,,,,,,,,,,,,,,,,,,,,,,,,,,,,,,,,,
35,debug,1,110,1,bot,,,preel,,,,,,,,,,,,,,,nonword,,,,,,,,,,,,,,,,,,,,,,,,,,,,,,,,,,,,,,,,,,,,,,,,,,,,,,,,,,,,,,,,,,,,,,,,,,,,,,,,,,,,,,,,,,,
36,debug,1,160,1,top,,,bax,,,,,,,,,,,,,,,nonword,,,,,,,,,,,,,,,,,,,,,,,,,,,,,,,,,,,,,,,,,,,,,,,,,,,,,,,,,,,,,,,,,,,,,,,,,,,,,,,,,,,,,,,,,,,
37,debug,1,170,1,bot,,,bis,,,,,,,,,,,,,,,nonword,,,,,,,,,,,,,,,,,,,,,,,,,,,,,,,,,,,,,,,,,,,,,,,,,,,,,,,,,,,,,,,,,,,,,,,,,,,,,,,,,,,,,,,,,,,
38,debug,1,30,1,top,,,troke,,,,,,,,,,,,,,,nonword,,,,,,,,,,,,,,,,,,,,,,,,,,,,,,,,,,,,,,,,,,,,,,,,,,,,,,,,,,,,,,,,,,,,,,,,,,,,,,,,,,,,,,,,,,,
39,debug,1,30,1,bot,,,date,,,,,,,,,,,,,,,word,,,,,,,,,,,,,,,,,,,,,,,,,,,,,,,,,,,,,,,,,,,,,,,,,,,,,,,,,,,,,,,,,,,,,,,,,,,,,,,,,,,,,,,,,,,
40,debug,1,70,1,bot,,,smelt,,,,,,,,,,,,,,,word,,,,,,,,,,,,,,,,,,,,,,,,,,,,,,,,,,,,,,,,,,,,,,,,,,,,,,,,,,,,,,,,,,,,,,,,,,,,,,,,,,,,,,,,,,,
41,debug,1,60,1,bot,,,green,,,,,,,,,,,,,,,word,,,,,,,,,,,,,,,,,,,,,,,,,,,,,,,,,,,,,,,,,,,,,,,,,,,,,,,,,,,,,,,,,,,,,,,,,,,,,,,,,,,,,,,,,,,
42,debug,1,110,1,bot,,,freet,,,,,,,,,,,,,,,nonword,,,,,,,,,,,,,,,,,,,,,,,,,,,,,,,,,,,,,,,,,,,,,,,,,,,,,,,,,,,,,,,,,,,,,,,,,,,,,,,,,,,,,,,,,,,
43,debug,1,10,1,top,,,birth,,,,,,,,,,,,,,,word,,,,,,,,,,,,,,,,,,,,,,,,,,,,,,,,,,,,,,,,,,,,,,,,,,,,,,,,,,,,,,,,,,,,,,,,,,,,,,,,,,,,,,,,,,,
44,debug,1,130,1,top,,,rest,,,,,,,,,,,,,,,word,,,,,,,,,,,,,,,,,,,,,,,,,,,,,,,,,,,,,,,,,,,,,,,,,,,,,,,,,,,,,,,,,,,,,,,,,,,,,,,,,,,,,,,,,,,
45,debug,1,50,1,top,,,desk,,,,,,,,,,,,,,,word,,,,,,,,,,,,,,,,,,,,,,,,,,,,,,,,,,,,,,,,,,,,,,,,,,,,,,,,,,,,,,,,,,,,,,,,,,,,,,,,,,,,,,,,,,,
46,debug,1,140,1,bot,,,lerk,,,,,,,,,,,,,,,nonword,,,,,,,,,,,,,,,,,,,,,,,,,,,,,,,,,,,,,,,,,,,,,,,,,,,,,,,,,,,,,,,,,,,,,,,,,,,,,,,,,,,,,,,,,,,
47,debug,1,100,1,top,,,life,,,,,,,,,,,,,,,word,,,,,,,,,,,,,,,,,,,,,,,,,,,,,,,,,,,,,,,,,,,,,,,,,,,,,,,,,,,,,,,,,,,,,,,,,,,,,,,,,,,,,,,,,,,
48,debug,1,60,1,top,,,base,,,,,,,,,,,,,,,word,,,,,,,,,,,,,,,,,,,,,,,,,,,,,,,,,,,,,,,,,,,,,,,,,,,,,,,,,,,,,,,,,,,,,,,,,,,,,,,,,,,,,,,,,,,
49,debug,1,50,1,bot,,,snub,,,,,,,,,,,,,,,word,,,,,,,,,,,,,,,,,,,,,,,,,,,,,,,,,,,,,,,,,,,,,,,,,,,,,,,,,,,,,,,,,,,,,,,,,,,,,,,,,,,,,,,,,,,
50,debug,1,50,1,top,,,wise,,,,,,,,,,,,,,,word,,,,,,,,,,,,,,,,,,,,,,,,,,,,,,,,,,,,,,,,,,,,,,,,,,,,,,,,,,,,,,,,,,,,,,,,,,,,,,,,,,,,,,,,,,,
51,debug,1,30,1,bot,,,scheme,,,,,,,,,,,,,,,word,,,,,,,,,,,,,,,,,,,,,,,,,,,,,,,,,,,,,,,,,,,,,,,,,,,,,,,,,,,,,,,,,,,,,,,,,,,,,,,,,,,,,,,,,,,
52,debug,1,60,1,top,,,late,,,,,,,,,,,,,,,word,,,,,,,,,,,,,,,,,,,,,,,,,,,,,,,,,,,,,,,,,,,,,,,,,,,,,,,,,,,,,,,,,,,,,,,,,,,,,,,,,,,,,,,,,,,
53,debug,1,70,1,top,,,call,,,,,,,,,,,,,,,word,,,,,,,,,,,,,,,,,,,,,,,,,,,,,,,,,,,,,,,,,,,,,,,,,,,,,,,,,,,,,,,,,,,,,,,,,,,,,,,,,,,,,,,,,,,
54,debug,1,10,1,bot,,,bail,,,,,,,,,,,,,,,word,,,,,,,,,,,,,,,,,,,,,,,,,,,,,,,,,,,,,,,,,,,,,,,,,,,,,,,,,,,,,,,,,,,,,,,,,,,,,,,,,,,,,,,,,,,
55,debug,1,120,1,bot,,,year,,,,,,,,,,,,,,,word,,,,,,,,,,,,,,,,,,,,,,,,,,,,,,,,,,,,,,,,,,,,,,,,,,,,,,,,,,,,,,,,,,,,,,,,,,,,,,,,,,,,,,,,,,,
56,debug,1,30,1,top,,,shame,,,,,,,,,,,,,,,word,,,,,,,,,,,,,,,,,,,,,,,,,,,,,,,,,,,,,,,,,,,,,,,,,,,,,,,,,,,,,,,,,,,,,,,,,,,,,,,,,,,,,,,,,,,
57,debug,1,160,1,bot,,,tord,,,,,,,,,,,,,,,nonword,,,,,,,,,,,,,,,,,,,,,,,,,,,,,,,,,,,,,,,,,,,,,,,,,,,,,,,,,,,,,,,,,,,,,,,,,,,,,,,,,,,,,,,,,,,
58,debug,1,40,1,top,,,brire,,,,,,,,,,,,,,,nonword,,,,,,,,,,,,,,,,,,,,,,,,,,,,,,,,,,,,,,,,,,,,,,,,,,,,,,,,,,,,,,,,,,,,,,,,,,,,,,,,,,,,,,,,,,,
59,debug,1,150,1,bot,,,rass,,,,,,,,,,,,,,,nonword,,,,,,,,,,,,,,,,,,,,,,,,,,,,,,,,,,,,,,,,,,,,,,,,,,,,,,,,,,,,,,,,,,,,,,,,,,,,,,,,,,,,,,,,,,,
60,debug,1,150,1,bot,,,flow,,,,,,,,,,,,,,,word,,,,,,,,,,,,,,,,,,,,,,,,,,,,,,,,,,,,,,,,,,,,,,,,,,,,,,,,,,,,,,,,,,,,,,,,,,,,,,,,,,,,,,,,,,,
61,debug,1,170,1,top,,,cure,,,,,,,,,,,,,,,word,,,,,,,,,,,,,,,,,,,,,,,,,,,,,,,,,,,,,,,,,,,,,,,,,,,,,,,,,,,,,,,,,,,,,,,,,,,,,,,,,,,,,,,,,,,
62,debug,1,30,1,top,,,glimpse,,,,,,,,,,,,,,,word,,,,,,,,,,,,,,,,,,,,,,,,,,,,,,,,,,,,,,,,,,,,,,,,,,,,,,,,,,,,,,,,,,,,,,,,,,,,,,,,,,,,,,,,,,,
63,debug,1,60,1,top,,,wob,,,,,,,,,,,,,,,nonword,,,,,,,,,,,,,,,,,,,,,,,,,,,,,,,,,,,,,,,,,,,,,,,,,,,,,,,,,,,,,,,,,,,,,,,,,,,,,,,,,,,,,,,,,,,
64,debug,1,20,1,bot,,,role,,,,,,,,,,,,,,,word,,,,,,,,,,,,,,,,,,,,,,,,,,,,,,,,,,,,,,,,,,,,,,,,,,,,,,,,,,,,,,,,,,,,,,,,,,,,,,,,,,,,,,,,,,,
65,debug,1,140,1,bot,,,mass,,,,,,,,,,,,,,,word,,,,,,,,,,,,,,,,,,,,,,,,,,,,,,,,,,,,,,,,,,,,,,,,,,,,,,,,,,,,,,,,,,,,,,,,,,,,,,,,,,,,,,,,,,,
66,debug,1,50,1,bot,,,pror,,,,,,,,,,,,,,,nonword,,,,,,,,,,,,,,,,,,,,,,,,,,,,,,,,,,,,,,,,,,,,,,,,,,,,,,,,,,,,,,,,,,,,,,,,,,,,,,,,,,,,,,,,,,,
67,debug,1,80,1,bot,,,brev,,,,,,,,,,,,,,,nonword,,,,,,,,,,,,,,,,,,,,,,,,,,,,,,,,,,,,,,,,,,,,,,,,,,,,,,,,,,,,,,,,,,,,,,,,,,,,,,,,,,,,,,,,,,,
68,debug,1,140,1,top,,,teek,,,,,,,,,,,,,,,nonword,,,,,,,,,,,,,,,,,,,,,,,,,,,,,,,,,,,,,,,,,,,,,,,,,,,,,,,,,,,,,,,,,,,,,,,,,,,,,,,,,,,,,,,,,,,
69,debug,1,60,1,bot,,,bit,,,,,,,,,,,,,,,word,,,,,,,,,,,,,,,,,,,,,,,,,,,,,,,,,,,,,,,,,,,,,,,,,,,,,,,,,,,,,,,,,,,,,,,,,,,,,,,,,,,,,,,,,,,
70,debug,1,10,1,top,,,shroofs,,,,,,,,,,,,,,,nonword,,,,,,,,,,,,,,,,,,,,,,,,,,,,,,,,,,,,,,,,,,,,,,,,,,,,,,,,,,,,,,,,,,,,,,,,,,,,,,,,,,,,,,,,,,,
71,debug,1,100,1,bot,,,verm,,,,,,,,,,,,,,,nonword,,,,,,,,,,,,,,,,,,,,,,,,,,,,,,,,,,,,,,,,,,,,,,,,,,,,,,,,,,,,,,,,,,,,,,,,,,,,,,,,,,,,,,,,,,,
72,debug,1,100,1,bot,,,steam,,,,,,,,,,,,,,,word,,,,,,,,,,,,,,,,,,,,,,,,,,,,,,,,,,,,,,,,,,,,,,,,,,,,,,,,,,,,,,,,,,,,,,,,,,,,,,,,,,,,,,,,,,,
73,debug,1,160,1,top,,,verse,,,,,,,,,,,,,,,word,,,,,,,,,,,,,,,,,,,,,,,,,,,,,,,,,,,,,,,,,,,,,,,,,,,,,,,,,,,,,,,,,,,,,,,,,,,,,,,,,,,,,,,,,,,
74,debug,1,30,1,bot,,,raq,,,,,,,,,,,,,,,nonword,,,,,,,,,,,,,,,,,,,,,,,,,,,,,,,,,,,,,,,,,,,,,,,,,,,,,,,,,,,,,,,,,,,,,,,,,,,,,,,,,,,,,,,,,,,
75,debug,1,140,1,bot,,,swim,,,,,,,,,,,,,,,word,,,,,,,,,,,,,,,,,,,,,,,,,,,,,,,,,,,,,,,,,,,,,,,,,,,,,,,,,,,,,,,,,,,,,,,,,,,,,,,,,,,,,,,,,,,
76,debug,1,50,1,top,,,nibe,,,,,,,,,,,,,,,nonword,,,,,,,,,,,,,,,,,,,,,,,,,,,,,,,,,,,,,,,,,,,,,,,,,,,,,,,,,,,,,,,,,,,,,,,,,,,,,,,,,,,,,,,,,,,
77,debug,1,80,1,top,,,bub,,,,,,,,,,,,,,,nonword,,,,,,,,,,,,,,,,,,,,,,,,,,,,,,,,,,,,,,,,,,,,,,,,,,,,,,,,,,,,,,,,,,,,,,,,,,,,,,,,,,,,,,,,,,,
78,debug,1,170,1,top,,,bav,,,,,,,,,,,,,,,nonword,,,,,,,,,,,,,,,,,,,,,,,,,,,,,,,,,,,,,,,,,,,,,,,,,,,,,,,,,,,,,,,,,,,,,,,,,,,,,,,,,,,,,,,,,,,
79,debug,1,10,1,bot,,,bofe,,,,,,,,,,,,,,,nonword,,,,,,,,,,,,,,,,,,,,,,,,,,,,,,,,,,,,,,,,,,,,,,,,,,,,,,,,,,,,,,,,,,,,,,,,,,,,,,,,,,,,,,,,,,,
80,debug,1,150,1,bot,,,scotch,,,,,,,,,,,,,,,word,,,,,,,,,,,,,,,,,,,,,,,,,,,,,,,,,,,,,,,,,,,,,,,,,,,,,,,,,,,,,,,,,,,,,,,,,,,,,,,,,,,,,,,,,,,
81,debug,1,60,1,top,,,board,,,,,,,,,,,,,,,word,,,,,,,,,,,,,,,,,,,,,,,,,,,,,,,,,,,,,,,,,,,,,,,,,,,,,,,,,,,,,,,,,,,,,,,,,,,,,,,,,,,,,,,,,,,
82,debug,1,10,1,top,,,drug,,,,,,,,,,,,,,,word,,,,,,,,,,,,,,,,,,,,,,,,,,,,,,,,,,,,,,,,,,,,,,,,,,,,,,,,,,,,,,,,,,,,,,,,,,,,,,,,,,,,,,,,,,,
83,debug,1,110,1,bot,,,pin,,,,,,,,,,,,,,,word,,,,,,,,,,,,,,,,,,,,,,,,,,,,,,,,,,,,,,,,,,,,,,,,,,,,,,,,,,,,,,,,,,,,,,,,,,,,,,,,,,,,,,,,,,,
84,debug,1,100,1,top,,,waste,,,,,,,,,,,,,,,word,,,,,,,,,,,,,,,,,,,,,,,,,,,,,,,,,,,,,,,,,,,,,,,,,,,,,,,,,,,,,,,,,,,,,,,,,,,,,,,,,,,,,,,,,,,
85,debug,1,140,1,bot,,,weeg,,,,,,,,,,,,,,,nonword,,,,,,,,,,,,,,,,,,,,,,,,,,,,,,,,,,,,,,,,,,,,,,,,,,,,,,,,,,,,,,,,,,,,,,,,,,,,,,,,,,,,,,,,,,,
86,debug,1,30,1,top,,,lale,,,,,,,,,,,,,,,nonword,,,,,,,,,,,,,,,,,,,,,,,,,,,,,,,,,,,,,,,,,,,,,,,,,,,,,,,,,,,,,,,,,,,,,,,,,,,,,,,,,,,,,,,,,,,
87,debug,1,50,1,top,,,roil,,,,,,,,,,,,,,,nonword,,,,,,,,,,,,,,,,,,,,,,,,,,,,,,,,,,,,,,,,,,,,,,,,,,,,,,,,,,,,,,,,,,,,,,,,,,,,,,,,,,,,,,,,,,,
88,debug,1,100,1,top,,,trav,,,,,,,,,,,,,,,nonword,,,,,,,,,,,,,,,,,,,,,,,,,,,,,,,,,,,,,,,,,,,,,,,,,,,,,,,,,,,,,,,,,,,,,,,,,,,,,,,,,,,,,,,,,,,
89,debug,1,170,1,bot,,,laz,,,,,,,,,,,,,,,nonword,,,,,,,,,,,,,,,,,,,,,,,,,,,,,,,,,,,,,,,,,,,,,,,,,,,,,,,,,,,,,,,,,,,,,,,,,,,,,,,,,,,,,,,,,,,
90,debug,1,80,1,bot,,,plate,,,,,,,,,,,,,,,word,,,,,,,,,,,,,,,,,,,,,,,,,,,,,,,,,,,,,,,,,,,,,,,,,,,,,,,,,,,,,,,,,,,,,,,,,,,,,,,,,,,,,,,,,,,
91,debug,1,140,1,top,,,frabe,,,,,,,,,,,,,,,nonword,,,,,,,,,,,,,,,,,,,,,,,,,,,,,,,,,,,,,,,,,,,,,,,,,,,,,,,,,,,,,,,,,,,,,,,,,,,,,,,,,,,,,,,,,,,
92,debug,1,170,1,bot,,,mine,,,,,,,,,,,,,,,word,,,,,,,,,,,,,,,,,,,,,,,,,,,,,,,,,,,,,,,,,,,,,,,,,,,,,,,,,,,,,,,,,,,,,,,,,,,,,,,,,,,,,,,,,,,
93,debug,1,10,1,top,,,bhim,,,,,,,,,,,,,,,nonword,,,,,,,,,,,,,,,,,,,,,,,,,,,,,,,,,,,,,,,,,,,,,,,,,,,,,,,,,,,,,,,,,,,,,,,,,,,,,,,,,,,,,,,,,,,
94,debug,1,150,1,bot,,,crush,,,,,,,,,,,,,,,word,,,,,,,,,,,,,,,,,,,,,,,,,,,,,,,,,,,,,,,,,,,,,,,,,,,,,,,,,,,,,,,,,,,,,,,,,,,,,,,,,,,,,,,,,,,
95,debug,1,150,1,bot,,,south,,,,,,,,,,,,,,,word,,,,,,,,,,,,,,,,,,,,,,,,,,,,,,,,,,,,,,,,,,,,,,,,,,,,,,,,,,,,,,,,,,,,,,,,,,,,,,,,,,,,,,,,,,,
96,debug,1,40,1,top,,,fize,,,,,,,,,,,,,,,nonword,,,,,,,,,,,,,,,,,,,,,,,,,,,,,,,,,,,,,,,,,,,,,,,,,,,,,,,,,,,,,,,,,,,,,,,,,,,,,,,,,,,,,,,,,,,
97,debug,1,110,1,bot,,,blew,,,,,,,,,,,,,,,word,,,,,,,,,,,,,,,,,,,,,,,,,,,,,,,,,,,,,,,,,,,,,,,,,,,,,,,,,,,,,,,,,,,,,,,,,,,,,,,,,,,,,,,,,,,
98,debug,1,60,1,bot,,,race,,,,,,,,,,,,,,,word,,,,,,,,,,,,,,,,,,,,,,,,,,,,,,,,,,,,,,,,,,,,,,,,,,,,,,,,,,,,,,,,,,,,,,,,,,,,,,,,,,,,,,,,,,,
99,debug,1,40,1,bot,,,month,,,,,,,,,,,,,,,word,,,,,,,,,,,,,,,,,,,,,,,,,,,,,,,,,,,,,,,,,,,,,,,,,,,,,,,,,,,,,,,,,,,,,,,,,,,,,,,,,,,,,,,,,,,
100,debug,1,120,1,bot,,,cue,,,,,,,,,,,,,,,word,,,,,,,,,,,,,,,,,,,,,,,,,,,,,,,,,,,,,,,,,,,,,,,,,,,,,,,,,,,,,,,,,,,,,,,,,,,,,,,,,,,,,,,,,,,
101,debug,1,50,1,bot,,,root,,,,,,,,,,,,,,,word,,,,,,,,,,,,,,,,,,,,,,,,,,,,,,,,,,,,,,,,,,,,,,,,,,,,,,,,,,,,,,,,,,,,,,,,,,,,,,,,,,,,,,,,,,,
102,debug,1,140,1,top,,,nept,,,,,,,,,,,,,,,nonword,,,,,,,,,,,,,,,,,,,,,,,,,,,,,,,,,,,,,,,,,,,,,,,,,,,,,,,,,,,,,,,,,,,,,,,,,,,,,,,,,,,,,,,,,,,
103,debug,1,100,1,bot,,,courn,,,,,,,,,,,,,,,nonword,,,,,,,,,,,,,,,,,,,,,,,,,,,,,,,,,,,,,,,,,,,,,,,,,,,,,,,,,,,,,,,,,,,,,,,,,,,,,,,,,,,,,,,,,,,
104,debug,1,100,1,top,,,trath,,,,,,,,,,,,,,,nonword,,,,,,,,,,,,,,,,,,,,,,,,,,,,,,,,,,,,,,,,,,,,,,,,,,,,,,,,,,,,,,,,,,,,,,,,,,,,,,,,,,,,,,,,,,,
105,debug,1,140,1,top,,,town,,,,,,,,,,,,,,,word,,,,,,,,,,,,,,,,,,,,,,,,,,,,,,,,,,,,,,,,,,,,,,,,,,,,,,,,,,,,,,,,,,,,,,,,,,,,,,,,,,,,,,,,,,,
106,debug,2,150,10,top,1,,vess,pef,clate,neek,death,strength,true,gath,wog,two,,,,,,nonword,nonword,nonword,nonword,word,word,word,nonword,nonword,word,,,,,,50,10,20,70,70,30,10,140,150,,,,,,,130,120,110,10,30,120,80,130,80,,,,,,,170.0,160.0,,,,,,,,,,,,,,,,,,,,,,,,,,,,,,,,,,,,,,,,,,,,,
107,debug,2,150,4,top,0,,tead,teeb,sest,noun,,,,,,,,,,,,nonword,nonword,nonword,word,,,,,,,,,,,,70,120,10,,,,,,,,,,,,,130,70,170,,,,,,,,,,,,,130.0,60.0,,,,,,,,,,,,,,,,,,,,,,,,,,,,,,,,,,,,,,,,,,,,,
108,debug,2,40,14,bot,0,,craut,film,kile,bropp,crik,phase,first,psanx,tense,help,boil,come,chens ,sent,,nonword,word,nonword,nonword,nonword,word,word,nonword,word,word,word,word,nonword,word,,100,170,150,100,100,120,20,120,70,150,60,30,150,,,50,100,80,80,60,150,150,140,20,150,80,70,130,,,110.0,160.0,,,,,,,,,,,,,,,,,,,,,,,,,,,,,,,,,,,,,,,,,,,,,
109,debug,2,100,9,top,0,,fast,brilk,kel,veev,scratch,samp,lump,halt,force,,,,,,,word,nonword,nonword,nonword,word,nonword,word,word,word,,,,,,,30,30,120,120,110,50,140,60,,,,,,,,50,20,80,120,170,30,110,150,,,,,,,,160.0,20.0,,,,,,,,,,,,,,,,,,,,,,,,,,,,,,,,,,,,,,,,,,,,,
110,debug,2,170,15,top,0,,shock,grush,wiggle,trene,line,mog,hide,tuv,mipp,forth,joom,thwaned,tin,tef,try,word,nonword,word,nonword,word,nonword,word,nonword,nonword,word,nonword,nonword,word,nonword,word,130,130,40,100,40,150,110,20,80,80,10,30,130,120,,10,140,70,130,150,40,160,100,160,10,130,140,100,80,,130.0,120.0,,,,,,,,,,,,,,,,,,,,,,,,,,,,,,,,,,,,,,,,,,,,,
111,debug,2,110,1,bot,0,,plant,,,,,,,,,,,,,,,word,,,,,,,,,,,,,,,,,,,,,,,,,,,,,,,,,,,,,,,,,,,,,60.0,120.0,,,,,,,,,,,,,,,,,,,,,,,,,,,,,,,,,,,,,,,,,,,,,
112,debug,2,70,3,bot,1,,goot,cook,weem,,,,,,,,,,,,,nonword,word,nonword,,,,,,,,,,,,,150,140,,,,,,,,,,,,,,10,70,,,,,,,,,,,,,,150.0,110.0,,,,,,,,,,,,,,,,,,,,,,,,,,,,,,,,,,,,,,,,,,,,,
113,debug,2,110,11,top,1,,foost,nine,small,bomb,moop,greem,nof,rame,grace,piece,hupps,,,,,nonword,word,word,word,nonword,nonword,nonword,nonword,word,word,nonword,,,,,50,150,50,50,130,120,50,140,80,110,,,,,,40,80,30,40,140,40,80,170,100,80,,,,,,60.0,130.0,,,,,,,,,,,,,,,,,,,,,,,,,,,,,,,,,,,,,,,,,,,,,
114,debug,2,130,8,bot,0,,pung,voon,might,debt,rare,spens,gem,sment,,,,,,,,nonword,nonword,word,word,word,nonword,word,nonword,,,,,,,,80,40,80,80,110,120,120,,,,,,,,,150,30,60,170,150,170,170,,,,,,,,,20.0,10.0,,,,,,,,,,,,,,,,,,,,,,,,,,,,,,,,,,,,,,,,,,,,,
115,debug,2,160,15,top,0,,scroods,beg,nool,tape,land,crowd,staff,yix,zive,grow,booth,write,koge,wez,yeen,nonword,word,nonword,word,word,word,word,nonword,nonword,word,word,word,nonword,nonword,nonword,50,110,30,130,140,60,70,70,80,50,140,80,10,40,,60,40,80,80,100,100,120,30,10,20,80,20,50,60,,10.0,80.0,,,,,,,,,,,,,,,,,,,,,,,,,,,,,,,,,,,,,,,,,,,,,
116,debug,2,120,9,top,0,,coast,thuf,brief,card,speak,house,swuibs,rund,blue,,,,,,,word,nonword,word,word,word,word,nonword,nonword,word,,,,,,,150,110,50,30,160,100,130,100,,,,,,,,80,110,160,50,20,100,80,40,,,,,,,,10.0,160.0,,,,,,,,,,,,,,,,,,,,,,,,,,,,,,,,,,,,,,,,,,,,,
117,debug,2,70,11,top,0,,reth,carp,gip,poz,thams,lung,dread,blind,tork,barsh,quim,,,,,nonword,word,nonword,nonword,nonword,word,word,word,nonword,nonword,nonword,,,,,30,130,80,100,30,140,10,170,160,110,,,,,,80,110,150,110,130,170,100,80,140,160,,,,,,10.0,150.0,,,,,,,,,,,,,,,,,,,,,,,,,,,,,,,,,,,,,,,,,,,,,
118,debug,2,100,14,bot,1,,jam,tofe,per,foot,love,mild,none,scream,bone,fuel,breb,vote,gume,bump,,word,nonword,nonword,word,word,word,word,word,word,word,nonword,word,nonword,word,,80,20,70,110,110,80,120,20,50,120,40,10,20,,,110,20,80,20,110,50,80,120,120,110,40,80,100,,,120.0,130.0,,,,,,,,,,,,,,,,,,,,,,,,,,,,,,,,,,,,,,,,,,,,,
119,debug,2,70,8,bot,1,,sime,threw,floog,kef,brub,strain,take,vlump,,,,,,,,nonword,word,nonword,nonword,nonword,word,word,nonword,,,,,,,,40,60,160,130,40,150,140,,,,,,,,,60,40,10,100,140,170,70,,,,,,,,,40.0,30.0,,,,,,,,,,,,,,,,,,,,,,,,,,,,,,,,,,,,,,,,,,,,,
120,debug,2,110,10,bot,1,,hop,plob,point,rish,crime,sand,doort,thick,scare,vose,,,,,,word,nonword,word,nonword,word,word,nonword,word,word,nonword,,,,,,170,70,20,130,160,80,170,140,120,,,,,,,150,30,120,20,150,80,120,70,110,,,,,,,50.0,170.0,,,,,,,,,,,,,,,,,,,,,,,,,,,,,,,,,,,,,,,,,,,,,
121,debug,2,160,13,top,1,,breet,mind,yipes,pej,crain,shirt,neat,boar,course,vreek,light,still,mile,,,nonword,word,nonword,nonword,nonword,word,word,word,word,nonword,word,word,word,,,80,70,60,120,150,60,70,60,20,40,150,160,,,,30,120,60,50,20,50,130,10,140,80,70,50,,,,150.0,30.0,,,,,,,,,,,,,,,,,,,,,,,,,,,,,,,,,,,,,,,,,,,,,
122,debug,2,120,13,top,1,,phoused,lark,tay,mabe,fosh,room,step,pipe,rein,raid,jalp,shape,snail,,,nonword,word,nonword,nonword,nonword,word,word,word,word,word,nonword,word,word,,,130,20,130,110,80,20,150,170,130,150,150,120,,,,160,160,80,110,10,30,40,60,60,150,130,160,,,,50.0,30.0,,,,,,,,,,,,,,,,,,,,,,,,,,,,,,,,,,,,,,,,,,,,,
123,debug,2,30,7,top,0,,teeth,smoy,knaise,besp,screeth,vime,deef,,,,,,,,,word,nonword,nonword,nonword,nonword,nonword,nonword,,,,,,,,,150,160,150,100,60,120,,,,,,,,,,160,160,120,150,10,20,,,,,,,,,,150.0,60.0,,,,,,,,,,,,,,,,,,,,,,,,,,,,,,,,,,,,,,,,,,,,,
124,debug,2,170,12,bot,1,,melt,scirrs,far,vrofe,rung,thas,gope,sore,earth,gherked,def,straight,,,,word,nonword,word,nonword,word,nonword,nonword,word,word,nonword,nonword,word,,,,10,130,140,40,60,140,130,130,150,80,40,,,,,80,120,70,120,150,120,160,120,150,140,170,,,,,70.0,130.0,,,,,,,,,,,,,,,,,,,,,,,,,,,,,,,,,,,,,,,,,,,,,
125,debug,2,60,12,bot,1,,cless,wear,doop,head,suede,keen,pife,school,wiv,geem,grown,live,,,,nonword,word,nonword,word,word,word,nonword,word,nonword,nonword,word,word,,,,70,150,80,40,150,120,120,170,120,160,170,,,,,140,80,170,20,130,80,80,50,10,20,60,,,,,10.0,10.0,,,,,,,,,,,,,,,,,,,,,,,,,,,,,,,,,,,,,,,,,,,,,
126,debug,3,130,7,top,1,,shoge,wode,way,hibs,prife,seen,ash,,,,,,,,,nonword,nonword,word,nonword,nonword,word,word,,,,,,,,,110,10,110,120,70,130,,,,,,,,,,20,30,40,80,40,50,,,,,,,,,,140.0,140.0,,,,,,,,,,,,,,,,,,,,,,,,,,,,,,,,,,,,,,,,,,,,,
127,debug,3,160,8,top,1,,veft,length,fork,sirm,arm,paste,watch,muvh,,,,,,,,nonword,word,word,nonword,word,word,word,nonword,,,,,,,,60,110,10,70,70,110,160,,,,,,,,,140,20,60,60,60,30,10,,,,,,,,,140.0,150.0,,,,,,,,,,,,,,,,,,,,,,,,,,,,,,,,,,,,,,,,,,,,,
128,debug,3,170,15,bot,1,,thruf,buv,soft,nerve,mole,crooc,slow,back,gome,vice,nake,risk,fler,nash,toast,nonword,nonword,word,word,word,nonword,word,word,nonword,word,nonword,word,nonword,nonword,word,30,110,10,10,70,140,40,40,30,40,150,120,140,30,,130,30,110,160,30,10,30,20,100,80,30,70,120,170,,120.0,120.0,,,,,,,,,,,,,,,,,,,,,,,,,,,,,,,,,,,,,,,,,,,,,
129,debug,3,100,10,top,1,,hear,her,dive,sex,sweat,toph,proof,waint ,slice,wrimp,,,,,,word,word,word,word,word,nonword,word,nonword,word,nonword,,,,,,150,120,60,110,10,80,120,20,100,,,,,,,130,70,40,10,40,30,20,50,120,,,,,,,20.0,80.0,,,,,,,,,,,,,,,,,,,,,,,,,,,,,,,,,,,,,,,,,,,,,
130,debug,3,50,6,top,0,,spot,plel,naff,door,state,wife,,,,,,,,,,word,nonword,nonword,word,word,word,,,,,,,,,,40,30,130,170,20,,,,,,,,,,,140,140,150,130,140,,,,,,,,,,,60.0,130.0,,,,,,,,,,,,,,,,,,,,,,,,,,,,,,,,,,,,,,,,,,,,,
131,debug,3,50,11,bot,1,,chair,dear,pude,yid,queen,lewn,kins ,rhyth,grip,curve,naft,,,,,word,word,nonword,nonword,word,nonword,nonword,nonword,word,word,nonword,,,,,80,20,70,120,110,130,110,20,170,70,,,,,,70,30,160,130,30,150,10,100,130,50,,,,,,80.0,120.0,,,,,,,,,,,,,,,,,,,,,,,,,,,,,,,,,,,,,,,,,,,,,
132,debug,3,80,13,top,1,,saf,pair,stork,toil,brike,glad,lone,bore,proge,vrab,trutes,geed,pilk,,,nonword,word,word,word,nonword,word,word,word,nonword,nonword,nonword,nonword,nonword,,,150,130,140,100,20,170,160,100,130,60,40,80,,,,40,150,30,100,100,160,40,170,60,150,60,170,,,,140.0,170.0,,,,,,,,,,,,,,,,,,,,,,,,,,,,,,,,,,,,,,,,,,,,,
133,debug,3,120,13,bot,0,,wim,four,neethe,rape,huke,kamb,det,dress,move,awn ,self,tibe,edge,,,nonword,word,nonword,word,nonword,nonword,nonword,word,word,nonword,word,nonword,word,,,80,70,70,10,100,80,100,140,110,70,140,60,,,,160,100,20,130,10,20,30,30,10,30,110,80,,,,100.0,100.0,,,,,,,,,,,,,,,,,,,,,,,,,,,,,,,,,,,,,,,,,,,,,
134,debug,3,170,9,top,1,,scoon,slap,weeb,grood,walk,mit,steal,loud,panks,,,,,,,nonword,word,nonword,nonword,word,nonword,word,word,nonword,,,,,,,10,70,130,40,110,70,140,170,,,,,,,,100,20,30,70,60,110,70,10,,,,,,,,50.0,150.0,,,,,,,,,,,,,,,,,,,,,,,,,,,,,,,,,,,,,,,,,,,,,
135,debug,3,60,8,top,0,,rent,foul,mang,job,show,talk,lime,diz,,,,,,,,word,word,nonword,word,word,word,word,nonword,,,,,,,,170,150,110,40,40,10,70,,,,,,,,,20,150,170,40,80,80,130,,,,,,,,,10.0,30.0,,,,,,,,,,,,,,,,,,,,,,,,,,,,,,,,,,,,,,,,,,,,,
136,debug,3,50,5,top,0,,smooth,stran,song,sin,burf,,,,,,,,,,,word,nonword,word,word,nonword,,,,,,,,,,,140,150,20,10,,,,,,,,,,,,10,40,170,100,,,,,,,,,,,,100.0,60.0,,,,,,,,,,,,,,,,,,,,,,,,,,,,,,,,,,,,,,,,,,,,,
137,debug,3,50,14,bot,0,,wube,trape,prott,yose,ist,tarb,him,stair,bad,paid,waist,stump,hibe,foft,,nonword,nonword,nonword,nonword,nonword,nonword,word,word,word,word,word,word,nonword,nonword,,80,110,130,130,60,160,70,150,140,70,80,140,10,,,150,160,110,170,20,10,30,20,70,150,40,70,130,,,70.0,150.0,,,,,,,,,,,,,,,,,,,,,,,,,,,,,,,,,,,,,,,,,,,,,
138,debug,3,160,15,bot,0,,yop,till,hiff,breer,stop,paunt,tie,phuf,treat,sork,goov,gnez,ghost,reel,white,nonword,word,nonword,nonword,word,nonword,word,nonword,word,nonword,nonword,nonword,word,word,word,150,10,150,50,140,40,120,80,30,60,170,100,40,110,,120,110,140,120,130,150,110,40,110,70,20,50,170,110,,150.0,130.0,,,,,,,,,,,,,,,,,,,,,,,,,,,,,,,,,,,,,,,,,,,,,
139,debug,3,50,11,top,0,,pick,vlet,yone,fight,grind,mone,dare,gract,phrague,science,learn,,,,,word,nonword,nonword,word,word,nonword,word,nonword,nonword,word,word,,,,,160,20,20,40,130,30,10,70,110,30,,,,,,170,150,60,120,150,110,10,120,100,130,,,,,,100.0,120.0,,,,,,,,,,,,,,,,,,,,,,,,,,,,,,,,,,,,,,,,,,,,,
140,debug,3,170,12,top,0,,tuh,side,night,hint,view,freeze,treb,stake,knee,gold,law,meet,,,,nonword,word,word,word,word,word,nonword,word,word,word,word,word,,,,130,70,30,160,40,140,60,60,40,110,140,,,,,40,40,130,140,140,50,50,140,110,110,130,,,,,150.0,50.0,,,,,,,,,,,,,,,,,,,,,,,,,,,,,,,,,,,,,,,,,,,,,
141,debug,3,30,14,top,1,,drill,besh,bef,gire,treez,street,choir,new,test,swift,sab,plot,find,make,,word,nonword,nonword,nonword,nonword,word,word,word,word,word,nonword,word,word,word,,80,120,100,120,130,40,40,170,60,150,130,100,30,,,80,160,130,80,120,130,150,120,130,50,70,20,60,,,140.0,10.0,,,,,,,,,,,,,,,,,,,,,,,,,,,,,,,,,,,,,,,,,,,,,
142,debug,3,100,2,top,1,,knunds,plife,,,,,,,,,,,,,,nonword,nonword,,,,,,,,,,,,,,100,,,,,,,,,,,,,,,30,,,,,,,,,,,,,,,70.0,70.0,,,,,,,,,,,,,,,,,,,,,,,,,,,,,,,,,,,,,,,,,,,,,
143,debug,3,10,12,bot,0,,chart,tail,once,tain,hesh,culs,store,poor,wood,dead,lomk,truth,,,,word,word,word,nonword,nonword,nonword,word,word,word,word,nonword,word,,,,130,170,70,120,110,60,160,170,30,50,150,,,,,70,60,70,60,170,60,30,80,20,80,160,,,,,20.0,60.0,,,,,,,,,,,,,,,,,,,,,,,,,,,,,,,,,,,,,,,,,,,,,
144,debug,3,130,9,top,0,,tond,bosh,suit,nath,reg,rosh,dream,cube,hard,,,,,,,nonword,nonword,word,nonword,nonword,nonword,word,word,word,,,,,,,70,100,160,20,70,50,80,60,,,,,,,,50,160,10,80,140,140,10,70,,,,,,,,50.0,80.0,,,,,,,,,,,,,,,,,,,,,,,,,,,,,,,,,,,,,,,,,,,,,
145,debug,3,10,10,bot,1,,profe,plain,low,jate,geef,hang,kine,roob,grik,smigh,,,,,,nonword,word,word,nonword,nonword,word,nonword,nonword,nonword,nonword,,,,,,20,100,30,170,130,150,100,60,30,,,,,,,100,30,20,50,30,100,150,70,10,,,,,,,40.0,130.0,,,,,,,,,,,,,,,,,,,,,,,,,,,,,,,,,,,,,,,,,,,,,
146,debug,4,110,15,top,,,real,skeeks,drote,aim,wild,hax,lunch,break,judge,hate,faint,kive,scene,kripe,brap,word,nonword,nonword,word,word,nonword,word,word,word,word,word,nonword,word,nonword,nonword,20,170,170,60,120,130,170,170,10,140,100,120,70,110,,160,140,40,140,30,50,20,30,20,100,150,140,160,110,,80.0,20.0,,,,,,,,,,,,,,,,,,,,,,,,,,,,,,,,,,,,,,,,,,,,,
147,debug,4,100,8,top,,,mij,wegs,shoop,belt,site,patch,cart,jaw,,,,,,,,nonword,nonword,nonword,word,word,word,word,word,,,,,,,,80,110,10,60,110,60,100,,,,,,,,,130,40,20,130,170,50,100,,,,,,,,,120.0,80.0,,,,,,,,,,,,,,,,,,,,,,,,,,,,,,,,,,,,,,,,,,,,,
148,debug,4,20,3,top,,,chage,hege,link,,,,,,,,,,,,,nonword,nonword,word,,,,,,,,,,,,,110,20,,,,,,,,,,,,,,150,20,,,,,,,,,,,,,,120.0,170.0,,,,,,,,,,,,,,,,,,,,,,,,,,,,,,,,,,,,,,,,,,,,,
149,debug,4,60,9,top,,,pash,high,liffs ,wrong,hunt,dran,type,swoke,fair,,,,,,,nonword,word,nonword,word,word,nonword,word,nonword,word,,,,,,,110,40,120,170,20,120,70,60,,,,,,,,40,100,30,70,130,40,170,60,,,,,,,,110.0,170.0,,,,,,,,,,,,,,,,,,,,,,,,,,,,,,,,,,,,,,,,,,,,,
150,debug,4,60,14,bot,,,van,phlerched,fell,rek,kiz,lims,lik,faz,snoined,drove,sould,ceck,wait,teesk,,word,nonword,word,nonword,nonword,nonword,nonword,nonword,nonword,word,nonword,nonword,word,nonword,,160,30,150,30,170,130,160,120,170,110,70,140,60,,,80,70,70,100,160,10,70,160,100,100,40,40,60,,,80.0,130.0,,,,,,,,,,,,,,,,,,,,,,,,,,,,,,,,,,,,,,,,,,,,,
151,debug,4,40,1,bot,,,klume,,,,,,,,,,,,,,,nonword,,,,,,,,,,,,,,,,,,,,,,,,,,,,,,,,,,,,,,,,,,,,,40.0,40.0,,,,,,,,,,,,,,,,,,,,,,,,,,,,,,,,,,,,,,,,,,,,,
152,debug,4,10,7,top,,,spog,ton,wide,roosh,blilns,food,jang,,,,,,,,,nonword,word,word,nonword,nonword,word,nonword,,,,,,,,,30,150,120,40,60,10,,,,,,,,,,40,50,160,70,130,10,,,,,,,,,,130.0,120.0,,,,,,,,,,,,,,,,,,,,,,,,,,,,,,,,,,,,,,,,,,,,,
153,debug,4,40,13,bot,,,purse,vone,spranc,fat,term,sace,ink,vrote,face,mibe,mark,ipe,road,,,word,nonword,nonword,word,word,nonword,word,nonword,word,nonword,word,nonword,word,,,70,130,130,130,80,130,140,70,50,70,60,40,,,,100,50,100,30,10,10,20,50,70,160,70,40,,,,170.0,60.0,,,,,,,,,,,,,,,,,,,,,,,,,,,,,,,,,,,,,,,,,,,,,
154,debug,4,10,15,top,,,right,gawn,brabe,fence,men,form,gid,lafe,stay,plist,vamg,tea,rur,bape,criz,word,nonword,nonword,word,word,word,nonword,nonword,word,nonword,nonword,word,nonword,nonword,nonword,160,120,20,80,140,120,130,160,160,50,100,170,30,10,,80,50,120,100,160,70,70,40,40,70,40,120,160,10,,170.0,40.0,,,,,,,,,,,,,,,,,,,,,,,,,,,,,,,,,,,,,,,,,,,,,
155,debug,4,20,11,bot,,,tough,top,teach,trip,wolf,scale,main,tads,shlike,lap,sad,,,,,word,word,word,word,word,word,word,nonword,nonword,word,word,,,,,140,50,170,10,10,10,40,50,100,20,,,,,,40,80,150,160,70,140,60,100,50,20,,,,,,140.0,40.0,,,,,,,,,,,,,,,,,,,,,,,,,,,,,,,,,,,,,,,,,,,,,
156,debug,4,60,14,top,,,thought,dirt,dome,epped,sob,pum,hand,hime,cock,rule,lich,kad,thwoute,black,,word,word,word,nonword,word,nonword,word,nonword,word,word,nonword,nonword,nonword,word,,140,100,10,70,130,120,140,50,170,130,50,50,60,,,80,120,30,10,110,40,100,80,100,110,80,10,60,,,130.0,80.0,,,,,,,,,,,,,,,,,,,,,,,,,,,,,,,,,,,,,,,,,,,,,
157,debug,4,10,1,top,,,dusk,,,,,,,,,,,,,,,word,,,,,,,,,,,,,,,,,,,,,,,,,,,,,,,,,,,,,,,,,,,,,10.0,10.0,,,,,,,,,,,,,,,,,,,,,,,,,,,,,,,,,,,,,,,,,,,,,
158,debug,4,120,13,top,,,fraf,barl,palt,pile,kajs,varse,fault,ake,clear,few,mep,jots,care,,,nonword,nonword,nonword,word,nonword,nonword,word,nonword,word,word,nonword,nonword,word,,,80,10,140,80,80,70,60,40,110,70,100,120,,,,50,80,170,30,100,110,10,80,40,50,30,120,,,,160.0,30.0,,,,,,,,,,,,,,,,,,,,,,,,,,,,,,,,,,,,,,,,,,,,,
159,debug,4,40,10,bot,,,frug,foop,peem,bife,lish,gev,plamps,teld,part,text,,,,,,nonword,nonword,nonword,nonword,nonword,nonword,nonword,nonword,word,word,,,,,,20,160,140,10,70,60,140,160,40,,,,,,,160,60,60,160,10,170,50,60,40,,,,,,,50.0,20.0,,,,,,,,,,,,,,,,,,,,,,,,,,,,,,,,,,,,,,,,,,,,,
160,debug,4,160,12,bot,,,blonde,smack,thofe,dind,cross,grap,plem,pite,slood,loss,freight,fing,,,,word,word,nonword,nonword,word,nonword,nonword,nonword,nonword,word,word,nonword,,,,140,130,20,80,50,120,120,80,80,110,160,,,,,100,140,50,100,100,80,30,10,50,150,160,,,,,30.0,60.0,,,,,,,,,,,,,,,,,,,,,,,,,,,,,,,,,,,,,,,,,,,,,
161,debug,4,110,11,top,,,limt,hair,paf,coal,snow,bet,fleer,gwumbs,tack,aunt,thoke,,,,,nonword,word,nonword,word,word,word,nonword,nonword,word,word,nonword,,,,,120,80,80,150,80,120,10,50,140,110,,,,,,40,50,50,170,30,80,150,150,10,110,,,,,,120.0,160.0,,,,,,,,,,,,,,,,,,,,,,,,,,,,,,,,,,,,,,,,,,,,,
162,debug,4,110,8,bot,,,bare,flesh,sose,sea,god,coach,fode,wof,,,,,,,,word,word,nonword,word,word,word,nonword,nonword,,,,,,,,60,60,160,40,140,130,110,,,,,,,,,40,40,120,60,70,140,110,,,,,,,,,160.0,60.0,,,,,,,,,,,,,,,,,,,,,,,,,,,,,,,,,,,,,,,,,,,,,
163,debug,4,70,12,top,,,foon,mirm,cels,poo,morgue,post,glush,wip,grite,weef,lose,weth,,,,nonword,nonword,nonword,nonword,word,word,nonword,nonword,nonword,nonword,word,nonword,,,,10,160,30,170,160,40,30,50,20,10,70,,,,,80,120,80,30,150,10,110,130,150,100,70,,,,,140.0,160.0,,,,,,,,,,,,,,,,,,,,,,,,,,,,,,,,,,,,,,,,,,,,,
164,debug,4,100,9,top,,,misk ,sove,tibes,zeet,sod,craf,plute,plam,free,,,,,,,nonword,nonword,nonword,nonword,word,nonword,nonword,nonword,word,,,,,,,110,20,130,50,110,170,10,100,,,,,,,,50,50,40,30,10,80,170,100,,,,,,,,10.0,160.0,,,,,,,,,,,,,,,,,,,,,,,,,,,,,,,,,,,,,,,,,,,,,
165,debug,4,30,10,top,,,cate,thin,fun,toof,trend,trose,zipe,nif,match,hene,,,,,,nonword,word,word,nonword,word,nonword,nonword,nonword,word,nonword,,,,,,130,130,120,40,80,150,10,110,30,,,,,,,140,60,160,110,10,160,130,150,30,,,,,,,140.0,130.0,,,,,,,,,,,,,,,,,,,,,,,,,,,,,,,,,,,,,,,,,,,,,
166,debug,5,140,11,top,,,sweet,sigh,soul,burn,vobe,zobs,pors,thrurched,leeng,bleck,snombs,,,,,word,word,word,word,nonword,nonword,nonword,nonword,nonword,nonword,nonword,,,,,70,160,60,150,120,70,130,60,70,140,,,,,,80,20,120,80,80,120,110,150,20,140,,,,,,160.0,80.0,,,,,,,,,,,,,,,,,,,,,,,,,,,,,,,,,,,,,,,,,,,,,
167,debug,5,40,13,top,,,worse,geep,saz,farm,home,rock,twand,straw,three,twalked,gnebe,vams,skeel,,,word,nonword,nonword,word,word,word,nonword,word,word,nonword,nonword,nonword,nonword,,,160,50,80,50,10,160,150,20,130,20,150,40,,,,70,120,120,110,140,110,110,110,160,160,10,40,,,,160.0,150.0,,,,,,,,,,,,,,,,,,,,,,,,,,,,,,,,,,,,,,,,,,,,,
168,debug,5,120,5,bot,,,search,vom,hive,rofe,port,,,,,,,,,,,word,nonword,word,nonword,word,,,,,,,,,,,110,160,100,120,,,,,,,,,,,,80,50,50,120,,,,,,,,,,,,10.0,150.0,,,,,,,,,,,,,,,,,,,,,,,,,,,,,,,,,,,,,,,,,,,,,
169,debug,5,50,4,top,,,migs,bick,zrud,clet,,,,,,,,,,,,nonword,nonword,nonword,nonword,,,,,,,,,,,,140,20,50,,,,,,,,,,,,,130,10,50,,,,,,,,,,,,,60.0,110.0,,,,,,,,,,,,,,,,,,,,,,,,,,,,,,,,,,,,,,,,,,,,,
170,debug,5,150,15,bot,,,ter,roof,west,win,foin,droff,float,floge,mad,friend,frot,round,zedt,glat,klife,nonword,word,word,word,nonword,nonword,word,nonword,word,word,nonword,word,nonword,nonword,nonword,120,100,140,70,130,50,20,70,50,170,50,40,140,150,,130,160,50,100,140,100,100,60,30,60,170,10,10,150,,70.0,50.0,,,,,,,,,,,,,,,,,,,,,,,,,,,,,,,,,,,,,,,,,,,,,
171,debug,5,130,12,bot,,,fur,bay,plape,used,crook,natch,cup,ife,yidge,ale,blow,bild,,,,word,word,nonword,word,word,nonword,word,nonword,nonword,word,word,nonword,,,,70,40,80,70,120,30,110,70,140,60,130,,,,,10,10,30,10,50,120,30,80,110,30,130,,,,,20.0,150.0,,,,,,,,,,,,,,,,,,,,,,,,,,,,,,,,,,,,,,,,,,,,,
172,debug,5,40,14,bot,,,fore,tell,malk,next,plose,route,title,sense,loosh,bleeced,fare,howl,veeg,pass,,word,word,nonword,word,nonword,word,word,word,nonword,nonword,word,word,nonword,word,,10,60,140,50,70,30,60,110,170,110,100,60,40,,,120,50,10,60,60,130,10,80,80,120,120,10,40,,,30.0,170.0,,,,,,,,,,,,,,,,,,,,,,,,,,,,,,,,,,,,,,,,,,,,,
173,debug,5,150,14,top,,,borm,bank,coarse,sleep,ming,mofe,bill,drax,trog,tale,guf,plep,whind,lifs,,nonword,word,word,word,nonword,nonword,word,nonword,nonword,word,nonword,nonword,nonword,nonword,,80,130,20,30,40,70,170,50,20,170,40,10,150,,,30,60,40,120,100,50,40,30,30,120,20,20,150,,,50.0,70.0,,,,,,,,,,,,,,,,,,,,,,,,,,,,,,,,,,,,,,,,,,,,,
174,debug,5,100,10,top,,,tutt,gherves,tap,bunch,yalled,glynes,peer,sotched,play,libs,,,,,,nonword,nonword,word,word,nonword,nonword,word,nonword,word,nonword,,,,,,40,160,60,120,70,60,150,170,100,,,,,,,150,120,30,50,30,80,120,40,100,,,,,,,170.0,110.0,,,,,,,,,,,,,,,,,,,,,,,,,,,,,,,,,,,,,,,,,,,,,
175,debug,5,30,8,bot,,,grem,sold,droom,vike,lens,heek,wethe,bat,,,,,,,,nonword,word,nonword,nonword,word,nonword,nonword,word,,,,,,,,130,150,160,80,120,170,30,,,,,,,,,80,170,150,50,70,60,30,,,,,,,,,170.0,150.0,,,,,,,,,,,,,,,,,,,,,,,,,,,,,,,,,,,,,,,,,,,,,
176,debug,5,150,7,bot,,,bool,slipes,box,save,meef,treem,vass,,,,,,,,,nonword,nonword,word,word,nonword,nonword,nonword,,,,,,,,,70,30,130,140,40,150,,,,,,,,,,80,80,30,10,80,150,,,,,,,,,,50.0,160.0,,,,,,,,,,,,,,,,,,,,,,,,,,,,,,,,,,,,,,,,,,,,,
177,debug,5,110,12,top,,,tent,hode,dem,dat,luss,bomn,krare,lids,cash,treep,whap,pause,,,,word,nonword,nonword,nonword,nonword,nonword,nonword,nonword,word,nonword,nonword,word,,,,160,130,120,170,10,10,40,40,100,60,110,,,,,50,170,130,80,30,130,10,60,70,150,110,,,,,50.0,40.0,,,,,,,,,,,,,,,,,,,,,,,,,,,,,,,,,,,,,,,,,,,,,
178,debug,5,20,8,bot,,,trash,pafe,coat,grokk,rush,gone,lizing,front,,,,,,,,word,nonword,word,nonword,word,word,nonword,word,,,,,,,,120,110,50,100,40,110,20,,,,,,,,,10,150,110,150,140,100,20,,,,,,,,,10.0,70.0,,,,,,,,,,,,,,,,,,,,,,,,,,,,,,,,,,,,,,,,,,,,,
179,debug,5,80,10,top,,,peace,brail,leez,bar,cell,dest,throw,stole,flupp,age,,,,,,word,nonword,nonword,word,word,nonword,word,word,nonword,word,,,,,,130,160,150,100,160,30,10,10,80,,,,,,,150,150,130,130,170,170,30,100,80,,,,,,,140.0,10.0,,,,,,,,,,,,,,,,,,,,,,,,,,,,,,,,,,,,,,,,,,,,,
180,debug,5,60,9,top,,,bush,lie,drop,praise,cule,chief,freef,yoof,cold,,,,,,,word,word,word,word,nonword,word,nonword,nonword,word,,,,,,,170,80,40,100,160,130,20,60,,,,,,,,110,70,110,160,50,140,10,60,,,,,,,,70.0,130.0,,,,,,,,,,,,,,,,,,,,,,,,,,,,,,,,,,,,,,,,,,,,,
181,debug,5,70,9,top,,,cruel,fill,watt,spring,gove,zove,paint,dust,verb,,,,,,,word,word,word,word,nonword,nonword,word,word,word,,,,,,,50,150,40,130,150,150,120,70,,,,,,,,140,130,150,40,100,110,80,70,,,,,,,,170.0,80.0,,,,,,,,,,,,,,,,,,,,,,,,,,,,,,,,,,,,,,,,,,,,,
182,debug,5,100,3,top,,,chop,frutt,being,,,,,,,,,,,,,word,nonword,word,,,,,,,,,,,,,120,100,,,,,,,,,,,,,,30,100,,,,,,,,,,,,,,10.0,170.0,,,,,,,,,,,,,,,,,,,,,,,,,,,,,,,,,,,,,,,,,,,,,
183,debug,5,40,13,bot,,,grase,damv,hish,pimk,feel,fly,plane,links,teered,bowl,kind,hope,gentle,,,nonword,nonword,nonword,nonword,word,word,word,word,nonword,word,word,word,word,,,10,150,30,10,100,140,150,150,120,60,80,40,,,,110,10,70,50,20,120,100,60,30,110,70,40,,,,170.0,160.0,,,,,,,,,,,,,,,,,,,,,,,,,,,,,,,,,,,,,,,,,,,,,
184,debug,5,10,15,bot,,,thamp,made,crank,warn,delm,theme,wall,grake,zore,mate,done,tox,wesh,tune,trace,nonword,word,word,word,nonword,word,word,nonword,nonword,word,word,nonword,nonword,word,word,100,60,20,140,110,150,140,100,140,110,170,30,80,10,,60,150,160,80,120,160,120,80,40,80,110,110,130,10,,40.0,60.0,,,,,,,,,,,,,,,,,,,,,,,,,,,,,,,,,,,,,,,,,,,,,
185,debug,5,150,11,bot,,,ship,frep,throat,quart,shaze,his,down,tarsh,stone,brain,bright,,,,,word,nonword,word,word,nonword,word,word,nonword,word,word,word,,,,,30,110,30,50,50,140,80,40,20,150,,,,,,170,140,100,60,170,70,50,140,110,150,,,,,,110.0,170.0,,,,,,,,,,,,,,,,,,,,,,,,,,,,,,,,,,,,,,,,,,,,,
186,debug,6,110,8,top,,,space,off,shell,soup,wel,brif,vrade,playing,,,,,,,,word,word,word,word,nonword,nonword,nonword,word,,,,,,,,130,120,100,160,40,130,110,,,,,,,,,170,150,40,20,170,60,130,,,,,,,,,40.0,100.0,,,,,,,,,,,,,,,,,,,,,,,,,,,,,,,,,,,,,,,,,,,,,
187,debug,6,130,2,bot,,,beak,crirrs,,,,,,,,,,,,,,word,nonword,,,,,,,,,,,,,,160,,,,,,,,,,,,,,,130,,,,,,,,,,,,,,,20.0,120.0,,,,,,,,,,,,,,,,,,,,,,,,,,,,,,,,,,,,,,,,,,,,,
188,debug,6,70,2,bot,,,file,sherve,,,,,,,,,,,,,,word,nonword,,,,,,,,,,,,,,80,,,,,,,,,,,,,,,70,,,,,,,,,,,,,,,60.0,20.0,,,,,,,,,,,,,,,,,,,,,,,,,,,,,,,,,,,,,,,,,,,,,
189,debug,6,70,12,bot,,,look,gax,tos,beer,veep,send,slip,holt,simple,team,yine,gell,,,,word,nonword,nonword,word,nonword,word,word,nonword,word,word,nonword,nonword,,,,110,120,100,160,40,20,50,170,10,130,80,,,,,140,130,20,160,60,30,120,20,30,160,70,,,,,100.0,20.0,,,,,,,,,,,,,,,,,,,,,,,,,,,,,,,,,,,,,,,,,,,,,
190,debug,6,20,15,bot,,,kill,tij,meb,clean,noot,hall,weight,work,little,bow,string,rint,yabe,fear,build,word,nonword,nonword,word,nonword,word,word,word,word,word,word,nonword,nonword,word,word,170,170,30,50,70,160,100,50,60,60,110,60,140,110,,170,130,40,130,170,30,160,120,130,40,170,170,130,20,,40.0,50.0,,,,,,,,,,,,,,,,,,,,,,,,,,,,,,,,,,,,,,,,,,,,,
191,debug,6,50,12,top,,,frox,joke,borne,proud,sole,dep,plofe,zid,plunge,range,phleized,track,,,,nonword,word,word,word,word,nonword,nonword,nonword,word,word,nonword,word,,,,60,60,150,80,110,10,170,170,150,10,50,,,,,60,120,70,100,130,70,60,60,70,170,70,,,,,130.0,60.0,,,,,,,,,,,,,,,,,,,,,,,,,,,,,,,,,,,,,,,,,,,,,
192,debug,6,70,11,bot,,,baze,sleeve,tash,salt,week,mank,wobe,koom,tall,liff,twourse,,,,,nonword,word,nonword,word,word,nonword,nonword,nonword,word,nonword,nonword,,,,,120,20,10,110,50,50,130,130,150,20,,,,,,110,20,50,10,170,160,170,160,160,70,,,,,,140.0,100.0,,,,,,,,,,,,,,,,,,,,,,,,,,,,,,,,,,,,,,,,,,,,,
193,debug,6,30,14,bot,,,shoot,kleef,bleam,tipe,krone,flid,half,yote,croop,us,sheek,club,hurt,jole,,word,nonword,nonword,nonword,nonword,nonword,word,nonword,nonword,word,nonword,word,word,nonword,,50,10,20,170,10,130,100,160,110,50,60,80,70,,,40,140,110,110,140,50,130,50,120,170,130,130,30,,,140.0,150.0,,,,,,,,,,,,,,,,,,,,,,,,,,,,,,,,,,,,,,,,,,,,,
194,debug,6,80,14,bot,,,pain,own,screep,spite,give,spell,eams,task,grak,rough,knebe,sleigh,sick,het,,word,word,nonword,word,word,word,nonword,word,nonword,word,nonword,word,word,nonword,,50,130,30,40,60,110,60,30,130,30,110,110,40,,,110,60,170,100,130,100,170,40,170,140,160,20,80,,,150.0,30.0,,,,,,,,,,,,,,,,,,,,,,,,,,,,,,,,,,,,,,,,,,,,,
195,debug,6,160,11,top,,,bafe,perd,wrote,sink,whup,fourth,pome,led,sit,flood,priest,,,,,nonword,nonword,word,word,nonword,word,nonword,word,word,word,word,,,,,120,150,130,110,170,120,60,20,20,160,,,,,,120,170,50,170,70,70,10,20,60,130,,,,,,120.0,100.0,,,,,,,,,,,,,,,,,,,,,,,,,,,,,,,,,,,,,,,,,,,,,
196,debug,6,70,15,top,,,screeks,shale,uncle,touch,smuip,bite,guard,crix,llap,near,moom,mive,boge,tax,nive,nonword,word,word,word,nonword,word,word,nonword,nonword,word,nonword,nonword,nonword,word,nonword,50,10,170,10,130,60,170,130,20,130,140,60,140,70,,160,100,120,100,20,120,40,10,50,170,40,150,110,60,,130.0,150.0,,,,,,,,,,,,,,,,,,,,,,,,,,,,,,,,,,,,,,,,,,,,,
197,debug,6,80,8,bot,,,fact,frufe,plap,sing,wool,breep,larn,glep,,,,,,,,word,nonword,nonword,word,word,nonword,nonword,nonword,,,,,,,,60,120,120,170,140,150,50,,,,,,,,,20,100,120,130,50,130,80,,,,,,,,,70.0,150.0,,,,,,,,,,,,,,,,,,,,,,,,,,,,,,,,,,,,,,,,,,,,,
198,debug,6,150,9,top,,,sheem,wet,man,waids,stout,die,earn,leep,stalk,,,,,,,nonword,word,word,nonword,word,word,word,nonword,word,,,,,,,20,20,120,120,20,110,130,150,,,,,,,,120,100,50,70,20,170,40,40,,,,,,,,70.0,140.0,,,,,,,,,,,,,,,,,,,,,,,,,,,,,,,,,,,,,,,,,,,,,
199,debug,6,80,1,bot,,,fuve,,,,,,,,,,,,,,,nonword,,,,,,,,,,,,,,,,,,,,,,,,,,,,,,,,,,,,,,,,,,,,,50.0,80.0,,,,,,,,,,,,,,,,,,,,,,,,,,,,,,,,,,,,,,,,,,,,,
200,debug,6,130,13,bot,,,bix,brud,cut,march,past,bang,tickle,dif,eat,bup,prot,crawl,fail,,,nonword,nonword,word,word,word,word,word,nonword,word,nonword,nonword,word,word,,,10,160,150,50,140,160,110,40,20,20,140,70,,,,10,30,60,30,110,110,150,150,120,20,60,130,,,,140.0,150.0,,,,,,,,,,,,,,,,,,,,,,,,,,,,,,,,,,,,,,,,,,,,,
201,debug,6,80,10,bot,,,snat,vup,choose,raise,vate,srone,boosh,saw,bab,hat,,,,,,nonword,nonword,word,word,nonword,nonword,nonword,word,nonword,word,,,,,,20,100,50,70,10,150,110,70,70,,,,,,,70,10,150,60,40,110,20,120,80,,,,,,,110.0,50.0,,,,,,,,,,,,,,,,,,,,,,,,,,,,,,,,,,,,,,,,,,,,,
202,debug,6,60,9,top,,,tah,coosh,reach,sipe,woc,pump,earl,broke,naj,,,,,,,nonword,nonword,word,nonword,nonword,word,word,word,nonword,,,,,,,150,50,100,120,150,100,170,60,,,,,,,,170,110,50,10,130,20,40,140,,,,,,,,80.0,50.0,,,,,,,,,,,,,,,,,,,,,,,,,,,,,,,,,,,,,,,,,,,,,
203,debug,6,10,13,top,,,weak,stick,felt,crane,claim,pride,king,each,end,weemp,great,youth,nomk,,,word,word,word,word,word,word,word,word,word,nonword,word,word,nonword,,,150,160,50,120,30,40,30,40,60,20,170,10,,,,50,170,50,60,60,170,60,50,170,40,50,70,,,,50.0,150.0,,,,,,,,,,,,,,,,,,,,,,,,,,,,,,,,,,,,,,,,,,,,,
204,debug,6,80,10,top,,,cool,best,prime,ath,hoff,day,prame,tear,veest,looz,,,,,,word,word,word,nonword,nonword,word,nonword,word,nonword,nonword,,,,,,50,50,150,130,30,20,160,120,80,,,,,,,60,120,110,110,160,130,120,110,60,,,,,,,130.0,60.0,,,,,,,,,,,,,,,,,,,,,,,,,,,,,,,,,,,,,,,,,,,,,
205,debug,6,100,6,bot,,,art,simp,dawn,purs,sketch,knight,,,,,,,,,,word,nonword,word,nonword,word,word,,,,,,,,,,120,80,70,10,60,,,,,,,,,,,140,170,60,130,100,,,,,,,,,,,110.0,20.0,,,,,,,,,,,,,,,,,,,,,,,,,,,,,,,,,,,,,,,,,,,,,
206,debug,7,140,2,bot,,,whole,news,,,,,,,,,,,,,,word,word,,,,,,,,,,,,,,80,,,,,,,,,,,,,,,140,,,,,,,,,,,,,,,20.0,100.0,,,,,,,,,,,,,,,,,,,,,,,,,,,,,,,,,,,,,,,,,,,,,
207,debug,7,40,14,bot,,,naze,crown,gang,flock,act,sock,quiss,rate,miss,shig,seap,nert,draw,skill,,nonword,word,word,word,word,word,nonword,word,word,nonword,nonword,nonword,word,word,,50,50,160,10,130,110,140,50,80,10,10,50,160,,,100,50,120,100,80,140,130,120,20,50,30,170,40,,,50.0,50.0,,,,,,,,,,,,,,,,,,,,,,,,,,,,,,,,,,,,,,,,,,,,,
208,debug,7,140,13,bot,,,sheese,pode,twig,rice,seeb,wire,oil,huv,pist,ground,lift,ret,frost,,,nonword,nonword,word,word,nonword,word,word,nonword,nonword,word,word,nonword,word,,,80,30,160,110,170,120,30,130,20,150,30,10,,,,50,40,20,30,150,110,170,70,100,50,170,140,,,,40.0,160.0,,,,,,,,,,,,,,,,,,,,,,,,,,,,,,,,,,,,,,,,,,,,,
209,debug,7,30,4,top,,,klest,giant,breath,plake,,,,,,,,,,,,nonword,word,word,nonword,,,,,,,,,,,,140,80,30,,,,,,,,,,,,,40,170,110,,,,,,,,,,,,,20.0,130.0,,,,,,,,,,,,,,,,,,,,,,,,,,,,,,,,,,,,,,,,,,,,,
210,debug,7,150,15,bot,,,deal,fool,fall,square,smart,pog,foof,bribe,leth,branch,reh,glape,creen,fooze,close,word,word,word,word,word,nonword,nonword,word,nonword,word,nonword,nonword,nonword,nonword,word,170,170,30,100,30,60,20,100,170,160,100,50,10,30,,130,130,120,160,20,80,130,50,160,140,80,110,40,150,,170.0,120.0,,,,,,,,,,,,,,,,,,,,,,,,,,,,,,,,,,,,,,,,,,,,,
211,debug,7,150,12,top,,,glipe,nod,sum,height,style,both,peeg,brate,shreeg,pope,tratt,dense,,,,nonword,word,word,word,word,word,nonword,nonword,nonword,word,nonword,word,,,,20,10,30,50,60,30,120,50,100,80,150,,,,,160,10,40,70,30,130,140,120,140,140,70,,,,,130.0,80.0,,,,,,,,,,,,,,,,,,,,,,,,,,,,,,,,,,,,,,,,,,,,,
212,debug,7,140,8,top,,,wind,splaides,voof,health,urn,east,wint,guide,,,,,,,,word,nonword,nonword,word,word,word,nonword,word,,,,,,,,100,60,20,110,170,130,140,,,,,,,,,20,110,40,70,160,20,20,,,,,,,,,170.0,30.0,,,,,,,,,,,,,,,,,,,,,,,,,,,,,,,,,,,,,,,,,,,,,
213,debug,7,130,11,bot,,,dwim,pit,trab,tool,frix,blive,last,loan,moon,crod,loke,,,,,nonword,word,nonword,word,nonword,nonword,word,word,word,nonword,nonword,,,,,70,50,10,70,60,120,140,120,100,110,,,,,,160,80,100,120,60,100,140,60,10,130,,,,,,10.0,80.0,,,,,,,,,,,,,,,,,,,,,,,,,,,,,,,,,,,,,,,,,,,,,
214,debug,7,30,15,bot,,,ring,zath,lan,page,least,splant,pime,left,lix,thrawped,guest,court,mail,flott,count,word,nonword,nonword,word,word,nonword,nonword,word,nonword,nonword,word,word,word,nonword,word,10,110,140,120,110,120,120,170,100,50,150,170,140,150,,70,60,80,80,40,160,80,20,80,150,130,170,50,30,,100.0,100.0,,,,,,,,,,,,,,,,,,,,,,,,,,,,,,,,,,,,,,,,,,,,,
215,debug,7,40,9,top,,,turn,woop,tock,taids,waye,pet,screece,oost,spoke,,,,,,,word,nonword,nonword,nonword,nonword,word,nonword,nonword,word,,,,,,,130,130,170,20,140,60,50,40,,,,,,,,70,10,70,50,130,170,30,170,,,,,,,,140.0,130.0,,,,,,,,,,,,,,,,,,,,,,,,,,,,,,,,,,,,,,,,,,,,,
216,debug,7,150,12,bot,,,grile,losh,ard,threat,mort,rhype,reep,load,bulp,dake,bence,ramp,,,,nonword,nonword,nonword,word,nonword,nonword,nonword,word,nonword,nonword,nonword,word,,,,130,130,40,100,100,40,170,10,160,10,70,,,,,70,70,130,20,20,70,110,30,130,20,150,,,,,50.0,130.0,,,,,,,,,,,,,,,,,,,,,,,,,,,,,,,,,,,,,,,,,,,,,
217,debug,7,130,10,bot,,,prip,trust,loog,seat,seemb,som,dark,grat,tusk,cost,,,,,,nonword,word,nonword,word,nonword,nonword,word,nonword,word,word,,,,,,30,110,120,30,30,30,110,20,100,,,,,,,60,10,50,110,170,30,10,30,130,,,,,,,20.0,120.0,,,,,,,,,,,,,,,,,,,,,,,,,,,,,,,,,,,,,,,,,,,,,
218,debug,7,120,11,top,,,deep,vrept,stegs,short,vot,sope,yard,pen,creet,twalc,bramp,,,,,word,nonword,nonword,word,nonword,nonword,word,word,nonword,nonword,nonword,,,,,140,30,50,50,30,100,50,30,160,120,,,,,,60,170,10,50,40,80,80,60,60,40,,,,,,100.0,160.0,,,,,,,,,,,,,,,,,,,,,,,,,,,,,,,,,,,,,,,,,,,,,
219,debug,7,100,13,top,,,size,haf,vague,park,shawl,wish,chain,kick,tight,prab,core,drott,rit,,,word,nonword,word,word,word,word,word,word,word,nonword,word,nonword,nonword,,,160,160,20,160,130,170,110,160,60,60,10,100,,,,40,120,140,140,20,40,50,70,30,160,70,40,,,,80.0,30.0,,,,,,,,,,,,,,,,,,,,,,,,,,,,,,,,,,,,,,,,,,,,,
220,debug,7,80,2,top,,,tube,wash,,,,,,,,,,,,,,word,word,,,,,,,,,,,,,,80,,,,,,,,,,,,,,,60,,,,,,,,,,,,,,,150.0,20.0,,,,,,,,,,,,,,,,,,,,,,,,,,,,,,,,,,,,,,,,,,,,,
221,debug,7,130,14,bot,,,group,hiv,drink,hook,slide,strarms,spramps,bime,gwab,leap,fath,shop,wask,fan,,word,nonword,word,word,word,nonword,nonword,nonword,nonword,word,nonword,word,nonword,word,,10,150,20,150,40,170,110,140,20,170,60,40,40,,,140,150,160,70,140,100,120,140,70,40,60,110,130,,,10.0,40.0,,,,,,,,,,,,,,,,,,,,,,,,,,,,,,,,,,,,,,,,,,,,,
222,debug,7,10,9,bot,,,gharls,whuke,rige,through,long,arch,bloff,migh,hog,,,,,,,nonword,nonword,nonword,word,word,word,nonword,nonword,word,,,,,,,40,130,40,50,30,30,150,20,,,,,,,,60,70,60,50,140,160,30,10,,,,,,,,80.0,80.0,,,,,,,,,,,,,,,,,,,,,,,,,,,,,,,,,,,,,,,,,,,,,
223,debug,7,130,8,top,,,boast,hoosh,plug,net,holf,floor,koot,dot,,,,,,,,word,nonword,word,word,nonword,word,nonword,word,,,,,,,,70,150,20,100,70,20,130,,,,,,,,,170,100,160,10,60,30,160,,,,,,,,,120.0,70.0,,,,,,,,,,,,,,,,,,,,,,,,,,,,,,,,,,,,,,,,,,,,,
224,debug,7,30,10,bot,,,broad,fut,warl,rax,nice,wave,came,bag,lead,name,,,,,,word,nonword,nonword,nonword,word,word,word,word,word,word,,,,,,140,110,160,10,170,40,40,160,70,,,,,,,150,130,40,160,80,110,130,20,30,,,,,,,70.0,80.0,,,,,,,,,,,,,,,,,,,,,,,,,,,,,,,,,,,,,,,,,,,,,
225,debug,7,30,1,bot,,,wath,,,,,,,,,,,,,,,nonword,,,,,,,,,,,,,,,,,,,,,,,,,,,,,,,,,,,,,,,,,,,,,170.0,30.0,,,,,,,,,,,,,,,,,,,,,,,,,,,,,,,,,,,,,,,,,,,,,
226,debug,8,20,1,bot,,,whot,,,,,,,,,,,,,,,nonword,,,,,,,,,,,,,,,,,,,,,,,,,,,,,,,,,,,,,,,,,,,,,,,,,,,,,,,,,,,,,,,,,,,,,,,,,,,,,,,,,,,,,,,,,,,
227,debug,8,170,1,top,,,gim,,,,,,,,,,,,,,,nonword,,,,,,,,,,,,,,,,,,,,,,,,,,,,,,,,,,,,,,,,,,,,,,,,,,,,,,,,,,,,,,,,,,,,,,,,,,,,,,,,,,,,,,,,,,,
228,debug,8,30,1,bot,,,dag,,,,,,,,,,,,,,,nonword,,,,,,,,,,,,,,,,,,,,,,,,,,,,,,,,,,,,,,,,,,,,,,,,,,,,,,,,,,,,,,,,,,,,,,,,,,,,,,,,,,,,,,,,,,,
229,debug,8,170,1,bot,,,grape,,,,,,,,,,,,,,,word,,,,,,,,,,,,,,,,,,,,,,,,,,,,,,,,,,,,,,,,,,,,,,,,,,,,,,,,,,,,,,,,,,,,,,,,,,,,,,,,,,,,,,,,,,,
230,debug,8,100,1,bot,,,hix,,,,,,,,,,,,,,,nonword,,,,,,,,,,,,,,,,,,,,,,,,,,,,,,,,,,,,,,,,,,,,,,,,,,,,,,,,,,,,,,,,,,,,,,,,,,,,,,,,,,,,,,,,,,,
231,debug,8,110,1,top,,,meal,,,,,,,,,,,,,,,word,,,,,,,,,,,,,,,,,,,,,,,,,,,,,,,,,,,,,,,,,,,,,,,,,,,,,,,,,,,,,,,,,,,,,,,,,,,,,,,,,,,,,,,,,,,
232,debug,8,170,1,bot,,,voke,,,,,,,,,,,,,,,nonword,,,,,,,,,,,,,,,,,,,,,,,,,,,,,,,,,,,,,,,,,,,,,,,,,,,,,,,,,,,,,,,,,,,,,,,,,,,,,,,,,,,,,,,,,,,
233,debug,8,50,1,top,,,fafe,,,,,,,,,,,,,,,nonword,,,,,,,,,,,,,,,,,,,,,,,,,,,,,,,,,,,,,,,,,,,,,,,,,,,,,,,,,,,,,,,,,,,,,,,,,,,,,,,,,,,,,,,,,,,
234,debug,8,170,1,top,,,vrip,,,,,,,,,,,,,,,nonword,,,,,,,,,,,,,,,,,,,,,,,,,,,,,,,,,,,,,,,,,,,,,,,,,,,,,,,,,,,,,,,,,,,,,,,,,,,,,,,,,,,,,,,,,,,
235,debug,8,140,1,top,,,dev,,,,,,,,,,,,,,,nonword,,,,,,,,,,,,,,,,,,,,,,,,,,,,,,,,,,,,,,,,,,,,,,,,,,,,,,,,,,,,,,,,,,,,,,,,,,,,,,,,,,,,,,,,,,,
236,debug,8,50,1,bot,,,larl,,,,,,,,,,,,,,,nonword,,,,,,,,,,,,,,,,,,,,,,,,,,,,,,,,,,,,,,,,,,,,,,,,,,,,,,,,,,,,,,,,,,,,,,,,,,,,,,,,,,,,,,,,,,,
237,debug,8,60,1,bot,,,worm,,,,,,,,,,,,,,,word,,,,,,,,,,,,,,,,,,,,,,,,,,,,,,,,,,,,,,,,,,,,,,,,,,,,,,,,,,,,,,,,,,,,,,,,,,,,,,,,,,,,,,,,,,,
238,debug,8,20,1,top,,,taste,,,,,,,,,,,,,,,word,,,,,,,,,,,,,,,,,,,,,,,,,,,,,,,,,,,,,,,,,,,,,,,,,,,,,,,,,,,,,,,,,,,,,,,,,,,,,,,,,,,,,,,,,,,
239,debug,8,170,1,bot,,,jemp,,,,,,,,,,,,,,,nonword,,,,,,,,,,,,,,,,,,,,,,,,,,,,,,,,,,,,,,,,,,,,,,,,,,,,,,,,,,,,,,,,,,,,,,,,,,,,,,,,,,,,,,,,,,,
240,debug,8,120,1,top,,,poom,,,,,,,,,,,,,,,nonword,,,,,,,,,,,,,,,,,,,,,,,,,,,,,,,,,,,,,,,,,,,,,,,,,,,,,,,,,,,,,,,,,,,,,,,,,,,,,,,,,,,,,,,,,,,
241,debug,8,50,1,top,,,split,,,,,,,,,,,,,,,word,,,,,,,,,,,,,,,,,,,,,,,,,,,,,,,,,,,,,,,,,,,,,,,,,,,,,,,,,,,,,,,,,,,,,,,,,,,,,,,,,,,,,,,,,,,
242,debug,8,150,1,top,,,read,,,,,,,,,,,,,,,word,,,,,,,,,,,,,,,,,,,,,,,,,,,,,,,,,,,,,,,,,,,,,,,,,,,,,,,,,,,,,,,,,,,,,,,,,,,,,,,,,,,,,,,,,,,
243,debug,8,120,1,top,,,born,,,,,,,,,,,,,,,word,,,,,,,,,,,,,,,,,,,,,,,,,,,,,,,,,,,,,,,,,,,,,,,,,,,,,,,,,,,,,,,,,,,,,,,,,,,,,,,,,,,,,,,,,,,
244,debug,8,160,1,top,,,old,,,,,,,,,,,,,,,word,,,,,,,,,,,,,,,,,,,,,,,,,,,,,,,,,,,,,,,,,,,,,,,,,,,,,,,,,,,,,,,,,,,,,,,,,,,,,,,,,,,,,,,,,,,
245,debug,8,130,1,top,,,quick,,,,,,,,,,,,,,,word,,,,,,,,,,,,,,,,,,,,,,,,,,,,,,,,,,,,,,,,,,,,,,,,,,,,,,,,,,,,,,,,,,,,,,,,,,,,,,,,,,,,,,,,,,,
246,debug,8,70,1,bot,,,sign,,,,,,,,,,,,,,,word,,,,,,,,,,,,,,,,,,,,,,,,,,,,,,,,,,,,,,,,,,,,,,,,,,,,,,,,,,,,,,,,,,,,,,,,,,,,,,,,,,,,,,,,,,,
247,debug,8,10,1,top,,,laugh,,,,,,,,,,,,,,,word,,,,,,,,,,,,,,,,,,,,,,,,,,,,,,,,,,,,,,,,,,,,,,,,,,,,,,,,,,,,,,,,,,,,,,,,,,,,,,,,,,,,,,,,,,,
248,debug,8,140,1,bot,,,cent,,,,,,,,,,,,,,,word,,,,,,,,,,,,,,,,,,,,,,,,,,,,,,,,,,,,,,,,,,,,,,,,,,,,,,,,,,,,,,,,,,,,,,,,,,,,,,,,,,,,,,,,,,,
249,debug,8,100,1,bot,,,slease,,,,,,,,,,,,,,,nonword,,,,,,,,,,,,,,,,,,,,,,,,,,,,,,,,,,,,,,,,,,,,,,,,,,,,,,,,,,,,,,,,,,,,,,,,,,,,,,,,,,,,,,,,,,,
250,debug,8,80,1,top,,,hold,,,,,,,,,,,,,,,word,,,,,,,,,,,,,,,,,,,,,,,,,,,,,,,,,,,,,,,,,,,,,,,,,,,,,,,,,,,,,,,,,,,,,,,,,,,,,,,,,,,,,,,,,,,
251,debug,8,110,1,top,,,feth,,,,,,,,,,,,,,,nonword,,,,,,,,,,,,,,,,,,,,,,,,,,,,,,,,,,,,,,,,,,,,,,,,,,,,,,,,,,,,,,,,,,,,,,,,,,,,,,,,,,,,,,,,,,,
252,debug,8,60,1,top,,,bear,,,,,,,,,,,,,,,word,,,,,,,,,,,,,,,,,,,,,,,,,,,,,,,,,,,,,,,,,,,,,,,,,,,,,,,,,,,,,,,,,,,,,,,,,,,,,,,,,,,,,,,,,,,
253,debug,8,110,1,top,,,klode,,,,,,,,,,,,,,,nonword,,,,,,,,,,,,,,,,,,,,,,,,,,,,,,,,,,,,,,,,,,,,,,,,,,,,,,,,,,,,,,,,,,,,,,,,,,,,,,,,,,,,,,,,,,,
254,debug,8,40,1,top,,,trial,,,,,,,,,,,,,,,word,,,,,,,,,,,,,,,,,,,,,,,,,,,,,,,,,,,,,,,,,,,,,,,,,,,,,,,,,,,,,,,,,,,,,,,,,,,,,,,,,,,,,,,,,,,
255,debug,8,80,1,bot,,,threnth,,,,,,,,,,,,,,,nonword,,,,,,,,,,,,,,,,,,,,,,,,,,,,,,,,,,,,,,,,,,,,,,,,,,,,,,,,,,,,,,,,,,,,,,,,,,,,,,,,,,,,,,,,,,,
256,debug,8,130,1,bot,,,caught,,,,,,,,,,,,,,,word,,,,,,,,,,,,,,,,,,,,,,,,,,,,,,,,,,,,,,,,,,,,,,,,,,,,,,,,,,,,,,,,,,,,,,,,,,,,,,,,,,,,,,,,,,,
257,debug,8,60,1,bot,,,gas,,,,,,,,,,,,,,,word,,,,,,,,,,,,,,,,,,,,,,,,,,,,,,,,,,,,,,,,,,,,,,,,,,,,,,,,,,,,,,,,,,,,,,,,,,,,,,,,,,,,,,,,,,,
258,debug,8,150,1,bot,,,freb,,,,,,,,,,,,,,,nonword,,,,,,,,,,,,,,,,,,,,,,,,,,,,,,,,,,,,,,,,,,,,,,,,,,,,,,,,,,,,,,,,,,,,,,,,,,,,,,,,,,,,,,,,,,,
259,debug,8,140,1,top,,,pound,,,,,,,,,,,,,,,word,,,,,,,,,,,,,,,,,,,,,,,,,,,,,,,,,,,,,,,,,,,,,,,,,,,,,,,,,,,,,,,,,,,,,,,,,,,,,,,,,,,,,,,,,,,
260,debug,8,40,1,top,,,hell,,,,,,,,,,,,,,,word,,,,,,,,,,,,,,,,,,,,,,,,,,,,,,,,,,,,,,,,,,,,,,,,,,,,,,,,,,,,,,,,,,,,,,,,,,,,,,,,,,,,,,,,,,,
261,debug,8,80,1,bot,,,flot,,,,,,,,,,,,,,,nonword,,,,,,,,,,,,,,,,,,,,,,,,,,,,,,,,,,,,,,,,,,,,,,,,,,,,,,,,,,,,,,,,,,,,,,,,,,,,,,,,,,,,,,,,,,,
262,debug,8,140,1,top,,,yish,,,,,,,,,,,,,,,nonword,,,,,,,,,,,,,,,,,,,,,,,,,,,,,,,,,,,,,,,,,,,,,,,,,,,,,,,,,,,,,,,,,,,,,,,,,,,,,,,,,,,,,,,,,,,
263,debug,8,80,1,top,,,paff,,,,,,,,,,,,,,,nonword,,,,,,,,,,,,,,,,,,,,,,,,,,,,,,,,,,,,,,,,,,,,,,,,,,,,,,,,,,,,,,,,,,,,,,,,,,,,,,,,,,,,,,,,,,,
264,debug,8,170,1,bot,,,map,,,,,,,,,,,,,,,word,,,,,,,,,,,,,,,,,,,,,,,,,,,,,,,,,,,,,,,,,,,,,,,,,,,,,,,,,,,,,,,,,,,,,,,,,,,,,,,,,,,,,,,,,,,
265,debug,8,30,1,bot,,,clash,,,,,,,,,,,,,,,word,,,,,,,,,,,,,,,,,,,,,,,,,,,,,,,,,,,,,,,,,,,,,,,,,,,,,,,,,,,,,,,,,,,,,,,,,,,,,,,,,,,,,,,,,,,
266,debug,8,100,1,top,,,thwepes,,,,,,,,,,,,,,,nonword,,,,,,,,,,,,,,,,,,,,,,,,,,,,,,,,,,,,,,,,,,,,,,,,,,,,,,,,,,,,,,,,,,,,,,,,,,,,,,,,,,,,,,,,,,,
267,debug,8,80,1,top,,,phrase,,,,,,,,,,,,,,,word,,,,,,,,,,,,,,,,,,,,,,,,,,,,,,,,,,,,,,,,,,,,,,,,,,,,,,,,,,,,,,,,,,,,,,,,,,,,,,,,,,,,,,,,,,,
268,debug,8,160,1,bot,,,most,,,,,,,,,,,,,,,word,,,,,,,,,,,,,,,,,,,,,,,,,,,,,,,,,,,,,,,,,,,,,,,,,,,,,,,,,,,,,,,,,,,,,,,,,,,,,,,,,,,,,,,,,,,
269,debug,8,80,1,bot,,,lack,,,,,,,,,,,,,,,word,,,,,,,,,,,,,,,,,,,,,,,,,,,,,,,,,,,,,,,,,,,,,,,,,,,,,,,,,,,,,,,,,,,,,,,,,,,,,,,,,,,,,,,,,,,
270,debug,8,70,1,bot,,,sack,,,,,,,,,,,,,,,word,,,,,,,,,,,,,,,,,,,,,,,,,,,,,,,,,,,,,,,,,,,,,,,,,,,,,,,,,,,,,,,,,,,,,,,,,,,,,,,,,,,,,,,,,,,
271,debug,8,30,1,bot,,,pour,,,,,,,,,,,,,,,word,,,,,,,,,,,,,,,,,,,,,,,,,,,,,,,,,,,,,,,,,,,,,,,,,,,,,,,,,,,,,,,,,,,,,,,,,,,,,,,,,,,,,,,,,,,
272,debug,8,120,1,top,,,spoop,,,,,,,,,,,,,,,nonword,,,,,,,,,,,,,,,,,,,,,,,,,,,,,,,,,,,,,,,,,,,,,,,,,,,,,,,,,,,,,,,,,,,,,,,,,,,,,,,,,,,,,,,,,,,
273,debug,8,100,1,top,,,lock,,,,,,,,,,,,,,,word,,,,,,,,,,,,,,,,,,,,,,,,,,,,,,,,,,,,,,,,,,,,,,,,,,,,,,,,,,,,,,,,,,,,,,,,,,,,,,,,,,,,,,,,,,,
274,debug,8,140,1,top,,,kleex,,,,,,,,,,,,,,,nonword,,,,,,,,,,,,,,,,,,,,,,,,,,,,,,,,,,,,,,,,,,,,,,,,,,,,,,,,,,,,,,,,,,,,,,,,,,,,,,,,,,,,,,,,,,,
275,debug,8,100,1,bot,,,babe,,,,,,,,,,,,,,,word,,,,,,,,,,,,,,,,,,,,,,,,,,,,,,,,,,,,,,,,,,,,,,,,,,,,,,,,,,,,,,,,,,,,,,,,,,,,,,,,,,,,,,,,,,,
276,debug,8,40,1,bot,,,horn,,,,,,,,,,,,,,,word,,,,,,,,,,,,,,,,,,,,,,,,,,,,,,,,,,,,,,,,,,,,,,,,,,,,,,,,,,,,,,,,,,,,,,,,,,,,,,,,,,,,,,,,,,,
277,debug,8,140,1,bot,,,brade,,,,,,,,,,,,,,,nonword,,,,,,,,,,,,,,,,,,,,,,,,,,,,,,,,,,,,,,,,,,,,,,,,,,,,,,,,,,,,,,,,,,,,,,,,,,,,,,,,,,,,,,,,,,,
278,debug,8,100,1,bot,,,prake,,,,,,,,,,,,,,,nonword,,,,,,,,,,,,,,,,,,,,,,,,,,,,,,,,,,,,,,,,,,,,,,,,,,,,,,,,,,,,,,,,,,,,,,,,,,,,,,,,,,,,,,,,,,,
279,debug,8,60,1,top,,,tife,,,,,,,,,,,,,,,nonword,,,,,,,,,,,,,,,,,,,,,,,,,,,,,,,,,,,,,,,,,,,,,,,,,,,,,,,,,,,,,,,,,,,,,,,,,,,,,,,,,,,,,,,,,,,
280,debug,8,130,1,bot,,,hill,,,,,,,,,,,,,,,word,,,,,,,,,,,,,,,,,,,,,,,,,,,,,,,,,,,,,,,,,,,,,,,,,,,,,,,,,,,,,,,,,,,,,,,,,,,,,,,,,,,,,,,,,,,
281,debug,8,100,1,bot,,,vim,,,,,,,,,,,,,,,nonword,,,,,,,,,,,,,,,,,,,,,,,,,,,,,,,,,,,,,,,,,,,,,,,,,,,,,,,,,,,,,,,,,,,,,,,,,,,,,,,,,,,,,,,,,,,
282,debug,8,150,1,top,,,grade,,,,,,,,,,,,,,,word,,,,,,,,,,,,,,,,,,,,,,,,,,,,,,,,,,,,,,,,,,,,,,,,,,,,,,,,,,,,,,,,,,,,,,,,,,,,,,,,,,,,,,,,,,,
283,debug,8,10,1,top,,,case,,,,,,,,,,,,,,,word,,,,,,,,,,,,,,,,,,,,,,,,,,,,,,,,,,,,,,,,,,,,,,,,,,,,,,,,,,,,,,,,,,,,,,,,,,,,,,,,,,,,,,,,,,,
284,debug,8,170,1,bot,,,drain,,,,,,,,,,,,,,,word,,,,,,,,,,,,,,,,,,,,,,,,,,,,,,,,,,,,,,,,,,,,,,,,,,,,,,,,,,,,,,,,,,,,,,,,,,,,,,,,,,,,,,,,,,,
285,debug,8,40,1,bot,,,plan,,,,,,,,,,,,,,,word,,,,,,,,,,,,,,,,,,,,,,,,,,,,,,,,,,,,,,,,,,,,,,,,,,,,,,,,,,,,,,,,,,,,,,,,,,,,,,,,,,,,,,,,,,,
286,debug,8,70,1,bot,,,drulse,,,,,,,,,,,,,,,nonword,,,,,,,,,,,,,,,,,,,,,,,,,,,,,,,,,,,,,,,,,,,,,,,,,,,,,,,,,,,,,,,,,,,,,,,,,,,,,,,,,,,,,,,,,,,
287,debug,8,60,1,top,,,cope,,,,,,,,,,,,,,,word,,,,,,,,,,,,,,,,,,,,,,,,,,,,,,,,,,,,,,,,,,,,,,,,,,,,,,,,,,,,,,,,,,,,,,,,,,,,,,,,,,,,,,,,,,,
288,debug,8,50,1,top,,,ripe,,,,,,,,,,,,,,,word,,,,,,,,,,,,,,,,,,,,,,,,,,,,,,,,,,,,,,,,,,,,,,,,,,,,,,,,,,,,,,,,,,,,,,,,,,,,,,,,,,,,,,,,,,,
289,debug,8,160,1,bot,,,blears,,,,,,,,,,,,,,,nonword,,,,,,,,,,,,,,,,,,,,,,,,,,,,,,,,,,,,,,,,,,,,,,,,,,,,,,,,,,,,,,,,,,,,,,,,,,,,,,,,,,,,,,,,,,,
290,debug,8,160,1,top,,,grafe,,,,,,,,,,,,,,,nonword,,,,,,,,,,,,,,,,,,,,,,,,,,,,,,,,,,,,,,,,,,,,,,,,,,,,,,,,,,,,,,,,,,,,,,,,,,,,,,,,,,,,,,,,,,,
291,debug,8,40,1,top,,,lawned,,,,,,,,,,,,,,,nonword,,,,,,,,,,,,,,,,,,,,,,,,,,,,,,,,,,,,,,,,,,,,,,,,,,,,,,,,,,,,,,,,,,,,,,,,,,,,,,,,,,,,,,,,,,,
292,debug,8,70,1,bot,,,sead ,,,,,,,,,,,,,,,nonword,,,,,,,,,,,,,,,,,,,,,,,,,,,,,,,,,,,,,,,,,,,,,,,,,,,,,,,,,,,,,,,,,,,,,,,,,,,,,,,,,,,,,,,,,,,
293,debug,8,170,1,top,,,fruit,,,,,,,,,,,,,,,word,,,,,,,,,,,,,,,,,,,,,,,,,,,,,,,,,,,,,,,,,,,,,,,,,,,,,,,,,,,,,,,,,,,,,,,,,,,,,,,,,,,,,,,,,,,
294,debug,8,110,1,top,,,ounce,,,,,,,,,,,,,,,word,,,,,,,,,,,,,,,,,,,,,,,,,,,,,,,,,,,,,,,,,,,,,,,,,,,,,,,,,,,,,,,,,,,,,,,,,,,,,,,,,,,,,,,,,,,
295,debug,8,100,1,top,,,red,,,,,,,,,,,,,,,word,,,,,,,,,,,,,,,,,,,,,,,,,,,,,,,,,,,,,,,,,,,,,,,,,,,,,,,,,,,,,,,,,,,,,,,,,,,,,,,,,,,,,,,,,,,
296,debug,8,10,1,bot,,,keme,,,,,,,,,,,,,,,nonword,,,,,,,,,,,,,,,,,,,,,,,,,,,,,,,,,,,,,,,,,,,,,,,,,,,,,,,,,,,,,,,,,,,,,,,,,,,,,,,,,,,,,,,,,,,
297,debug,8,80,1,bot,,,kid,,,,,,,,,,,,,,,word,,,,,,,,,,,,,,,,,,,,,,,,,,,,,,,,,,,,,,,,,,,,,,,,,,,,,,,,,,,,,,,,,,,,,,,,,,,,,,,,,,,,,,,,,,,
298,debug,8,120,1,top,,,jail,,,,,,,,,,,,,,,word,,,,,,,,,,,,,,,,,,,,,,,,,,,,,,,,,,,,,,,,,,,,,,,,,,,,,,,,,,,,,,,,,,,,,,,,,,,,,,,,,,,,,,,,,,,
299,debug,8,120,1,bot,,,gilk,,,,,,,,,,,,,,,nonword,,,,,,,,,,,,,,,,,,,,,,,,,,,,,,,,,,,,,,,,,,,,,,,,,,,,,,,,,,,,,,,,,,,,,,,,,,,,,,,,,,,,,,,,,,,
300,debug,8,140,1,bot,,,gift,,,,,,,,,,,,,,,word,,,,,,,,,,,,,,,,,,,,,,,,,,,,,,,,,,,,,,,,,,,,,,,,,,,,,,,,,,,,,,,,,,,,,,,,,,,,,,,,,,,,,,,,,,,
301,debug,8,40,1,top,,,ate,,,,,,,,,,,,,,,word,,,,,,,,,,,,,,,,,,,,,,,,,,,,,,,,,,,,,,,,,,,,,,,,,,,,,,,,,,,,,,,,,,,,,,,,,,,,,,,,,,,,,,,,,,,
302,debug,8,40,1,top,,,lean,,,,,,,,,,,,,,,word,,,,,,,,,,,,,,,,,,,,,,,,,,,,,,,,,,,,,,,,,,,,,,,,,,,,,,,,,,,,,,,,,,,,,,,,,,,,,,,,,,,,,,,,,,,
303,debug,8,30,1,bot,,,toog,,,,,,,,,,,,,,,nonword,,,,,,,,,,,,,,,,,,,,,,,,,,,,,,,,,,,,,,,,,,,,,,,,,,,,,,,,,,,,,,,,,,,,,,,,,,,,,,,,,,,,,,,,,,,
304,debug,8,70,1,top,,,raw,,,,,,,,,,,,,,,word,,,,,,,,,,,,,,,,,,,,,,,,,,,,,,,,,,,,,,,,,,,,,,,,,,,,,,,,,,,,,,,,,,,,,,,,,,,,,,,,,,,,,,,,,,,
305,debug,8,60,1,bot,,,pab,,,,,,,,,,,,,,,nonword,,,,,,,,,,,,,,,,,,,,,,,,,,,,,,,,,,,,,,,,,,,,,,,,,,,,,,,,,,,,,,,,,,,,,,,,,,,,,,,,,,,,,,,,,,,
306,debug,8,150,1,top,,,sev,,,,,,,,,,,,,,,nonword,,,,,,,,,,,,,,,,,,,,,,,,,,,,,,,,,,,,,,,,,,,,,,,,,,,,,,,,,,,,,,,,,,,,,,,,,,,,,,,,,,,,,,,,,,,
307,debug,8,40,1,top,,,voice,,,,,,,,,,,,,,,word,,,,,,,,,,,,,,,,,,,,,,,,,,,,,,,,,,,,,,,,,,,,,,,,,,,,,,,,,,,,,,,,,,,,,,,,,,,,,,,,,,,,,,,,,,,
308,debug,8,150,1,top,,,luck,,,,,,,,,,,,,,,word,,,,,,,,,,,,,,,,,,,,,,,,,,,,,,,,,,,,,,,,,,,,,,,,,,,,,,,,,,,,,,,,,,,,,,,,,,,,,,,,,,,,,,,,,,,
309,debug,8,80,1,top,,,guy,,,,,,,,,,,,,,,word,,,,,,,,,,,,,,,,,,,,,,,,,,,,,,,,,,,,,,,,,,,,,,,,,,,,,,,,,,,,,,,,,,,,,,,,,,,,,,,,,,,,,,,,,,,
310,debug,8,170,1,bot,,,vade,,,,,,,,,,,,,,,nonword,,,,,,,,,,,,,,,,,,,,,,,,,,,,,,,,,,,,,,,,,,,,,,,,,,,,,,,,,,,,,,,,,,,,,,,,,,,,,,,,,,,,,,,,,,,
311,debug,8,10,1,bot,,,hink,,,,,,,,,,,,,,,nonword,,,,,,,,,,,,,,,,,,,,,,,,,,,,,,,,,,,,,,,,,,,,,,,,,,,,,,,,,,,,,,,,,,,,,,,,,,,,,,,,,,,,,,,,,,,
312,debug,8,20,1,top,,,world,,,,,,,,,,,,,,,word,,,,,,,,,,,,,,,,,,,,,,,,,,,,,,,,,,,,,,,,,,,,,,,,,,,,,,,,,,,,,,,,,,,,,,,,,,,,,,,,,,,,,,,,,,,
313,debug,8,130,1,bot,,,pleep,,,,,,,,,,,,,,,nonword,,,,,,,,,,,,,,,,,,,,,,,,,,,,,,,,,,,,,,,,,,,,,,,,,,,,,,,,,,,,,,,,,,,,,,,,,,,,,,,,,,,,,,,,,,,
314,debug,8,60,1,bot,,,lub,,,,,,,,,,,,,,,nonword,,,,,,,,,,,,,,,,,,,,,,,,,,,,,,,,,,,,,,,,,,,,,,,,,,,,,,,,,,,,,,,,,,,,,,,,,,,,,,,,,,,,,,,,,,,
315,debug,8,30,1,bot,,,brick,,,,,,,,,,,,,,,word,,,,,,,,,,,,,,,,,,,,,,,,,,,,,,,,,,,,,,,,,,,,,,,,,,,,,,,,,,,,,,,,,,,,,,,,,,,,,,,,,,,,,,,,,,,
316,debug,8,130,1,top,,,gate,,,,,,,,,,,,,,,word,,,,,,,,,,,,,,,,,,,,,,,,,,,,,,,,,,,,,,,,,,,,,,,,,,,,,,,,,,,,,,,,,,,,,,,,,,,,,,,,,,,,,,,,,,,
317,debug,8,140,1,bot,,,shom,,,,,,,,,,,,,,,nonword,,,,,,,,,,,,,,,,,,,,,,,,,,,,,,,,,,,,,,,,,,,,,,,,,,,,,,,,,,,,,,,,,,,,,,,,,,,,,,,,,,,,,,,,,,,
318,debug,8,120,1,bot,,,cheshed,,,,,,,,,,,,,,,nonword,,,,,,,,,,,,,,,,,,,,,,,,,,,,,,,,,,,,,,,,,,,,,,,,,,,,,,,,,,,,,,,,,,,,,,,,,,,,,,,,,,,,,,,,,,,
319,debug,8,110,1,top,,,bon,,,,,,,,,,,,,,,nonword,,,,,,,,,,,,,,,,,,,,,,,,,,,,,,,,,,,,,,,,,,,,,,,,,,,,,,,,,,,,,,,,,,,,,,,,,,,,,,,,,,,,,,,,,,,
320,debug,8,20,1,top,,,game,,,,,,,,,,,,,,,word,,,,,,,,,,,,,,,,,,,,,,,,,,,,,,,,,,,,,,,,,,,,,,,,,,,,,,,,,,,,,,,,,,,,,,,,,,,,,,,,,,,,,,,,,,,
321,debug,8,110,1,bot,,,frame,,,,,,,,,,,,,,,word,,,,,,,,,,,,,,,,,,,,,,,,,,,,,,,,,,,,,,,,,,,,,,,,,,,,,,,,,,,,,,,,,,,,,,,,,,,,,,,,,,,,,,,,,,,
322,debug,8,20,1,top,,,howns,,,,,,,,,,,,,,,nonword,,,,,,,,,,,,,,,,,,,,,,,,,,,,,,,,,,,,,,,,,,,,,,,,,,,,,,,,,,,,,,,,,,,,,,,,,,,,,,,,,,,,,,,,,,,
323,debug,8,140,1,bot,,,kosh,,,,,,,,,,,,,,,nonword,,,,,,,,,,,,,,,,,,,,,,,,,,,,,,,,,,,,,,,,,,,,,,,,,,,,,,,,,,,,,,,,,,,,,,,,,,,,,,,,,,,,,,,,,,,
324,debug,8,20,1,bot,,,zem,,,,,,,,,,,,,,,nonword,,,,,,,,,,,,,,,,,,,,,,,,,,,,,,,,,,,,,,,,,,,,,,,,,,,,,,,,,,,,,,,,,,,,,,,,,,,,,,,,,,,,,,,,,,,
325,debug,8,170,1,bot,,,whab,,,,,,,,,,,,,,,nonword,,,,,,,,,,,,,,,,,,,,,,,,,,,,,,,,,,,,,,,,,,,,,,,,,,,,,,,,,,,,,,,,,,,,,,,,,,,,,,,,,,,,,,,,,,,
326,debug,8,110,1,bot,,,muke,,,,,,,,,,,,,,,nonword,,,,,,,,,,,,,,,,,,,,,,,,,,,,,,,,,,,,,,,,,,,,,,,,,,,,,,,,,,,,,,,,,,,,,,,,,,,,,,,,,,,,,,,,,,,
327,debug,8,20,1,bot,,,pint,,,,,,,,,,,,,,,word,,,,,,,,,,,,,,,,,,,,,,,,,,,,,,,,,,,,,,,,,,,,,,,,,,,,,,,,,,,,,,,,,,,,,,,,,,,,,,,,,,,,,,,,,,,
328,debug,8,40,1,top,,,good,,,,,,,,,,,,,,,word,,,,,,,,,,,,,,,,,,,,,,,,,,,,,,,,,,,,,,,,,,,,,,,,,,,,,,,,,,,,,,,,,,,,,,,,,,,,,,,,,,,,,,,,,,,
329,debug,8,170,1,top,,,safe,,,,,,,,,,,,,,,word,,,,,,,,,,,,,,,,,,,,,,,,,,,,,,,,,,,,,,,,,,,,,,,,,,,,,,,,,,,,,,,,,,,,,,,,,,,,,,,,,,,,,,,,,,,
330,debug,8,70,1,top,,,rich,,,,,,,,,,,,,,,word,,,,,,,,,,,,,,,,,,,,,,,,,,,,,,,,,,,,,,,,,,,,,,,,,,,,,,,,,,,,,,,,,,,,,,,,,,,,,,,,,,,,,,,,,,,
331,debug,8,100,1,bot,,,brave,,,,,,,,,,,,,,,word,,,,,,,,,,,,,,,,,,,,,,,,,,,,,,,,,,,,,,,,,,,,,,,,,,,,,,,,,,,,,,,,,,,,,,,,,,,,,,,,,,,,,,,,,,,
